"","control1","control2","control3","control4","control5","control6","control7","control8","control9","control10","control11","control12","control13","control14","control15","case1","case2","case3","case4","case5","case6","case7","case8","case9","case10","case11","case12","case13","case14","case15"
"gene1",129,161,180,137,79,196,166,78,143,165,164,115,90,55,178,124,178,114,82,58,66,69,154,138,90,149,76,246,166,82
"gene2",15,14,24,11,15,38,8,12,30,9,2,6,9,31,9,41,15,13,15,23,11,12,22,5,25,21,27,23,11,11
"gene3",87,56,73,205,65,68,75,163,118,150,146,63,153,84,178,131,84,110,42,130,83,110,166,96,117,166,76,74,111,92
"gene4",12,3,21,10,18,11,3,2,8,7,2,6,10,8,8,14,14,11,6,15,9,5,6,5,8,5,8,4,6,7
"gene5",9,8,75,9,11,16,28,22,21,40,29,19,15,19,13,5,18,25,2,6,6,19,41,28,6,74,26,24,9,10
"gene6",19,16,19,16,13,12,18,4,41,34,16,20,8,6,11,16,12,3,5,11,3,11,9,16,16,1,10,5,20,5
"gene7",4,16,0,7,0,0,1,2,0,0,0,3,7,0,0,0,0,5,0,0,2,4,1,2,0,4,0,2,0,2
"gene8",194,143,158,115,111,127,66,175,180,68,137,102,113,70,247,166,149,158,237,142,160,108,91,171,182,126,86,135,126,168
"gene9",51,33,64,29,21,18,38,12,20,22,32,20,16,14,43,51,32,33,48,12,35,12,22,17,23,25,26,23,59,15
"gene10",3,1,7,2,1,1,0,2,0,3,2,12,1,5,1,4,3,0,1,12,3,0,2,4,2,0,1,4,4,1
"gene11",34,34,31,93,88,45,74,60,77,115,82,55,61,103,98,113,29,133,72,72,117,37,97,87,54,71,70,78,81,46
"gene12",2,14,5,0,0,0,1,2,1,5,1,1,6,0,0,0,1,2,3,1,24,2,12,3,0,0,0,1,1,1
"gene13",5,4,8,0,4,15,1,1,2,2,5,3,6,9,6,2,6,7,0,15,4,2,3,19,4,0,1,14,25,3
"gene14",13,23,50,14,43,53,24,30,60,61,48,62,26,33,22,16,26,64,35,40,43,22,28,63,16,21,39,29,26,16
"gene15",9,5,3,7,12,6,19,0,4,4,16,9,8,21,24,10,13,20,6,29,19,13,33,3,9,18,9,10,3,5
"gene16",16,6,2,4,9,3,1,0,2,7,8,1,3,5,22,0,4,5,0,0,1,3,7,1,7,10,6,3,11,1
"gene17",0,0,0,0,7,3,2,0,1,0,5,2,10,0,1,7,0,0,1,0,0,0,0,0,0,3,2,3,0,0
"gene18",13,6,16,5,30,19,14,35,21,11,49,1,27,12,8,27,7,10,12,8,5,51,17,9,27,16,16,31,36,16
"gene19",46,9,24,17,23,21,25,16,45,38,57,40,39,29,33,41,77,32,16,42,76,26,47,20,44,27,17,31,53,47
"gene20",1,3,0,4,8,5,5,17,0,6,6,4,5,4,8,0,3,8,13,3,2,4,0,1,0,18,1,0,6,2
"gene21",21,70,94,42,38,34,22,84,36,12,35,40,41,41,86,42,56,84,31,35,29,56,35,56,32,33,47,55,29,99
"gene22",28,35,33,49,26,32,28,29,38,32,62,82,36,34,24,26,54,42,48,38,31,24,46,49,26,55,29,25,52,21
"gene23",1,1,13,4,2,9,1,4,6,15,6,13,7,0,6,4,16,20,11,5,10,11,4,2,3,9,30,11,6,4
"gene24",188,139,129,115,147,75,201,134,191,90,132,35,99,128,142,114,65,170,93,91,101,102,84,129,142,143,58,153,93,56
"gene25",0,0,16,0,0,2,0,0,6,1,3,0,0,0,3,2,2,0,0,0,5,0,2,2,0,1,1,1,1,0
"gene26",12,0,0,0,0,0,1,3,0,0,0,0,0,0,1,0,0,0,5,0,0,0,0,0,0,0,0,0,3,2
"gene27",26,6,35,35,30,18,9,10,21,10,10,12,15,29,21,8,9,38,13,39,12,20,21,17,19,21,44,21,23,35
"gene28",20,28,12,0,17,7,8,7,0,7,20,9,4,10,4,0,1,17,13,29,11,17,7,10,8,16,11,4,21,19
"gene29",25,7,17,23,1,5,18,3,3,0,16,29,4,8,20,0,35,20,1,31,23,7,3,0,5,15,4,2,8,17
"gene30",91,136,90,79,121,152,123,221,117,91,112,73,134,133,170,86,89,39,80,68,88,79,98,152,83,113,81,80,169,48
"gene31",8,2,5,1,0,0,1,2,44,3,13,0,5,0,5,2,6,7,10,5,3,3,6,3,5,2,3,2,4,46
"gene32",25,49,34,55,68,22,12,19,34,78,25,57,15,44,68,50,43,42,50,58,41,49,92,57,57,39,29,63,35,24
"gene33",5,10,5,19,5,22,19,24,5,9,10,3,11,10,5,25,20,19,3,12,19,17,3,1,12,4,0,30,24,4
"gene34",9,13,2,9,19,10,5,6,8,17,8,12,15,20,3,11,8,26,7,19,9,16,18,24,29,25,7,16,18,7
"gene35",7,20,6,7,17,24,4,17,7,16,16,4,15,33,8,15,1,17,13,15,21,25,16,14,17,13,24,17,10,15
"gene36",11,29,50,11,43,16,12,23,33,35,16,28,27,47,17,24,13,40,25,34,14,38,15,47,28,38,15,31,23,8
"gene37",28,15,35,29,33,52,44,39,68,18,45,41,39,47,21,16,29,13,41,30,54,22,42,36,24,88,74,45,58,21
"gene38",22,14,9,10,17,38,26,11,43,6,15,18,18,3,14,14,23,27,15,8,5,9,4,10,8,14,16,18,7,6
"gene39",3,18,10,13,18,13,36,10,22,13,20,9,15,9,3,31,39,15,12,10,32,1,26,12,13,19,9,10,21,15
"gene40",42,94,80,71,31,57,63,68,93,54,96,51,89,61,49,64,53,44,16,23,54,44,56,93,13,111,74,54,84,54
"gene41",12,26,31,4,7,21,29,14,2,37,12,29,28,11,20,39,17,18,12,20,1,20,21,10,2,22,8,32,17,16
"gene42",34,35,10,70,38,30,40,51,54,25,64,43,28,27,21,44,14,37,15,31,30,71,16,36,40,19,36,36,26,29
"gene43",6,6,17,13,2,0,1,0,3,4,4,2,0,6,6,9,17,48,25,0,0,0,4,5,0,3,7,9,1,1
"gene44",89,54,91,67,76,97,103,115,71,153,55,111,51,58,61,113,66,61,48,72,42,21,63,38,48,78,117,95,127,91
"gene45",565,462,523,404,448,400,278,299,399,373,397,178,237,178,402,263,331,462,450,364,294,341,304,283,360,239,293,342,319,170
"gene46",30,39,26,25,20,20,31,21,16,26,40,19,15,23,3,23,30,11,30,4,14,15,14,24,36,11,14,25,13,7
"gene47",0,2,6,1,2,0,0,5,5,8,9,7,9,6,2,12,18,6,2,1,2,13,4,6,22,2,0,3,0,0
"gene48",29,32,96,42,27,22,81,81,8,50,56,51,79,57,54,55,39,66,56,40,54,49,59,35,86,41,54,20,11,42
"gene49",15,5,14,11,2,1,3,10,5,4,12,4,14,2,12,9,5,14,13,0,3,15,15,3,0,7,6,4,10,5
"gene50",37,26,26,44,21,22,10,29,48,16,26,9,15,22,26,10,3,36,17,43,13,24,36,27,27,66,5,42,17,32
"gene51",51,22,35,51,15,40,19,52,27,40,24,52,48,56,80,14,37,9,31,43,25,26,99,28,15,51,31,19,53,29
"gene52",57,23,38,14,45,49,17,31,17,38,9,37,3,61,20,26,19,22,13,10,17,35,23,45,39,26,29,13,62,50
"gene53",4,9,5,0,6,6,1,4,0,19,16,1,9,6,3,19,3,1,3,10,2,0,0,8,3,1,6,5,1,2
"gene54",11,5,7,19,1,0,7,0,0,3,1,0,0,13,17,12,0,2,1,0,0,10,2,5,4,3,2,6,11,0
"gene55",21,14,6,3,14,23,12,1,18,3,13,23,11,4,9,11,8,16,9,4,9,10,10,11,2,16,18,20,16,8
"gene56",65,87,114,55,84,120,59,58,132,83,62,52,97,54,112,53,107,40,64,34,54,62,37,67,43,24,42,157,113,77
"gene57",48,39,24,42,24,4,21,22,14,21,21,21,48,22,48,41,4,30,27,74,28,5,63,43,50,27,14,56,31,34
"gene58",56,66,191,112,99,45,98,58,89,82,144,107,97,50,59,70,58,73,99,47,97,105,80,88,101,59,70,126,78,81
"gene59",37,33,24,35,11,13,15,16,17,30,18,50,11,35,11,10,9,9,21,16,13,25,39,24,15,9,27,27,15,23
"gene60",1,2,2,1,7,6,1,4,6,5,3,0,3,0,5,2,4,0,5,0,2,13,0,0,6,0,3,0,6,4
"gene61",1,0,1,1,1,0,12,5,4,2,3,1,1,9,2,2,2,7,0,3,3,6,6,3,1,1,10,7,3,1
"gene62",26,96,59,33,82,44,130,71,58,76,86,101,42,71,118,81,73,102,96,85,219,30,64,60,47,91,50,110,58,58
"gene63",30,64,50,60,41,33,23,38,39,40,58,23,29,36,44,23,37,23,64,39,31,51,44,63,46,60,25,55,74,52
"gene64",20,37,59,56,41,31,33,38,53,68,82,36,48,63,24,83,34,57,48,52,40,17,71,22,42,95,78,63,63,37
"gene65",8,25,16,56,28,12,14,26,25,10,28,28,14,33,14,12,26,26,12,7,5,44,40,28,8,51,12,11,23,7
"gene66",57,130,92,30,29,89,24,45,55,74,43,36,19,34,67,78,34,142,78,110,96,73,43,19,51,84,54,42,57,118
"gene67",32,51,23,16,16,9,16,21,28,16,29,15,46,1,13,74,24,33,19,7,20,6,43,17,28,21,31,12,13,12
"gene68",181,84,70,58,123,134,98,105,157,81,62,175,58,178,183,125,185,128,189,83,60,176,91,131,129,107,135,60,61,122
"gene69",2,2,6,7,6,34,2,6,12,8,1,18,23,8,3,16,23,7,6,2,2,5,17,19,7,24,4,9,1,9
"gene70",0,0,0,0,0,0,2,0,0,0,1,0,1,0,0,0,0,0,0,0,0,8,0,1,0,0,0,0,0,0
"gene71",11,17,5,38,33,13,25,45,22,15,5,14,21,18,5,45,7,7,15,49,13,11,17,7,7,37,10,5,9,12
"gene72",13,12,25,11,12,10,23,14,14,10,5,18,14,9,41,12,24,8,17,18,19,18,18,6,12,18,5,55,16,10
"gene73",2,6,1,7,1,0,2,1,4,0,2,13,7,1,12,0,0,0,11,1,0,2,3,0,0,1,0,1,21,0
"gene74",0,0,1,0,0,0,0,2,0,0,0,0,1,0,0,2,0,0,5,0,0,0,0,0,0,0,0,0,2,5
"gene75",82,56,57,39,36,18,24,45,46,113,41,65,31,24,49,56,64,35,23,32,73,135,100,41,47,97,65,60,45,52
"gene76",8,37,29,15,3,37,12,32,29,35,21,9,22,17,39,19,36,6,17,22,10,3,14,9,26,22,30,35,21,38
"gene77",25,16,26,14,1,19,20,13,9,11,5,15,22,14,12,19,10,6,12,13,25,20,8,14,15,23,4,15,20,14
"gene78",51,11,24,17,21,40,9,14,120,32,50,44,20,20,36,54,32,31,57,31,84,52,27,51,59,29,54,30,12,44
"gene79",20,24,21,5,39,25,22,32,21,7,9,4,7,14,15,3,12,20,10,28,49,11,20,25,14,3,22,23,23,16
"gene80",31,75,72,23,17,34,46,24,18,29,30,41,15,29,46,47,4,4,22,37,28,12,10,33,16,16,50,16,0,11
"gene81",33,49,19,23,38,73,77,28,7,27,33,42,40,31,30,53,32,53,52,94,24,37,50,16,17,24,32,25,18,9
"gene82",0,9,2,2,10,6,0,1,3,0,3,2,7,0,4,4,2,1,2,7,0,0,2,3,0,0,0,10,0,1
"gene83",4,0,1,1,0,5,20,1,3,2,0,0,13,2,1,11,4,19,0,6,3,0,2,0,5,3,0,0,2,1
"gene84",36,16,14,11,11,16,13,20,5,30,14,16,14,19,55,11,20,17,25,6,14,6,9,34,24,17,25,19,32,6
"gene85",1,4,1,0,16,0,1,2,3,0,0,0,0,0,0,1,2,1,2,2,1,3,4,16,1,0,0,0,0,0
"gene86",21,15,30,16,23,9,20,5,33,5,11,13,17,7,18,11,14,10,11,11,17,7,12,8,15,12,9,14,5,10
"gene87",39,33,49,81,22,45,45,46,20,68,14,24,34,20,40,21,41,28,22,40,43,28,63,54,53,11,28,45,25,47
"gene88",33,72,47,41,18,38,7,25,28,34,59,31,21,22,32,17,38,55,65,38,25,36,21,33,50,33,35,17,28,57
"gene89",4,1,2,0,3,0,0,4,3,0,1,5,0,16,0,2,2,2,1,1,0,0,0,0,7,1,2,3,0,0
"gene90",84,49,124,112,76,125,29,115,41,61,98,59,38,106,59,52,74,79,46,35,86,61,43,68,72,86,40,28,132,52
"gene91",19,3,9,9,4,7,26,18,4,14,15,5,7,7,3,11,17,21,8,7,5,27,12,11,4,5,18,9,2,3
"gene92",10,26,22,40,53,48,22,37,46,27,44,22,27,23,27,45,11,44,33,49,31,19,28,34,34,18,12,20,57,39
"gene93",35,35,36,65,22,26,62,46,15,26,73,79,18,10,31,53,21,17,63,24,54,37,17,26,35,22,63,29,14,18
"gene94",127,127,117,197,231,106,99,174,194,327,98,128,145,135,122,192,93,233,196,178,134,142,108,140,123,115,106,135,137,61
"gene95",10,36,14,26,12,28,12,56,6,26,32,29,49,34,21,21,16,5,31,4,24,40,19,22,40,13,27,32,22,17
"gene96",39,18,26,60,21,23,47,37,11,7,22,44,19,17,12,32,24,40,13,17,23,18,20,7,15,24,18,24,26,40
"gene97",37,8,23,5,20,37,10,18,11,44,29,18,49,28,64,20,32,29,45,24,30,10,82,46,34,14,17,9,43,23
"gene98",6,2,0,5,1,4,1,3,3,0,0,0,1,0,0,2,11,26,4,8,1,9,3,0,2,9,2,1,10,0
"gene99",6,5,3,4,0,3,3,3,12,23,22,2,6,11,22,0,7,2,8,13,10,2,0,5,4,5,7,1,7,2
"gene100",10,23,39,42,41,7,16,31,10,13,19,17,16,3,37,2,12,26,23,35,10,11,12,10,30,9,19,21,29,7
"gene101",10,10,1,8,17,5,8,6,23,15,21,1,10,12,9,8,1,15,4,21,38,6,17,16,10,10,11,8,4,24
"gene102",16,12,4,16,37,15,19,26,73,23,52,41,25,23,7,29,47,44,17,62,30,15,11,38,34,41,24,30,27,12
"gene103",32,29,47,26,61,18,4,33,46,32,28,9,32,11,18,28,49,10,13,48,34,54,55,22,24,17,29,24,50,27
"gene104",16,37,18,28,14,19,14,41,13,11,49,19,32,18,9,28,10,11,26,18,51,31,9,14,15,15,20,20,16,18
"gene105",28,10,14,20,36,43,26,33,29,17,42,30,21,16,69,60,31,27,32,15,41,35,27,21,12,14,20,73,10,59
"gene106",15,5,3,6,2,10,0,16,9,6,9,10,11,12,4,12,9,3,21,6,2,7,1,14,3,9,6,10,1,1
"gene107",58,37,31,53,75,79,72,78,46,47,104,52,6,75,138,19,75,28,65,63,45,55,35,103,48,36,37,15,65,38
"gene108",10,11,31,22,2,3,10,7,7,3,4,9,6,17,5,9,2,2,7,36,4,8,10,2,12,5,9,8,1,21
"gene109",1995,2012,1557,2188,1165,2031,1985,1294,2897,1331,2127,1620,1398,1102,1039,1258,1863,911,2811,1629,2146,1136,1356,1463,1621,1863,1152,2480,1974,1975
"gene110",5,12,4,3,8,3,8,9,19,8,3,15,0,10,9,9,3,8,15,0,8,3,14,12,17,5,3,6,20,11
"gene111",5,27,3,1,5,7,18,8,16,17,11,10,19,5,16,10,12,32,12,22,12,17,47,33,3,12,30,7,24,6
"gene112",3,9,3,3,1,0,8,10,0,4,9,7,11,4,10,10,5,5,8,2,5,12,8,13,12,0,0,7,4,4
"gene113",1,8,1,2,9,3,2,17,22,0,0,4,24,1,0,7,1,6,2,0,3,3,14,15,8,0,3,0,0,0
"gene114",1,4,0,0,2,0,0,0,0,0,14,5,0,11,4,12,9,2,16,5,0,5,6,0,0,5,3,1,0,11
"gene115",17,7,1,5,11,10,2,19,14,10,12,10,5,9,2,1,3,12,8,13,11,14,12,24,6,28,0,11,5,7
"gene116",29,19,40,25,16,9,39,31,51,46,28,21,19,14,48,21,42,40,12,24,41,18,17,26,38,21,18,20,39,19
"gene117",0,9,1,0,9,2,0,0,9,2,0,3,0,5,0,2,0,0,0,0,0,1,3,7,0,1,9,1,0,2
"gene118",8,0,0,0,1,12,12,11,9,6,3,17,7,10,5,2,12,0,1,5,2,4,0,6,4,14,3,3,3,5
"gene119",14,37,35,47,49,26,15,22,22,33,28,29,11,19,5,65,10,24,30,15,13,14,22,28,25,48,14,52,35,16
"gene120",17,19,8,12,19,18,10,15,2,14,5,2,1,4,1,3,4,12,4,13,8,25,0,8,9,7,3,6,2,17
"gene121",765,550,731,376,672,740,522,813,668,564,1114,503,710,759,667,1282,1045,946,738,450,662,551,618,660,958,855,572,455,837,1013
"gene122",5,22,5,22,13,26,2,37,29,26,12,17,12,24,16,10,22,19,8,2,16,39,19,8,9,5,49,7,9,26
"gene123",30,29,10,50,27,14,11,13,31,23,30,27,4,17,51,28,16,17,24,37,21,30,25,33,10,7,17,23,17,30
"gene124",1,2,11,28,4,10,41,16,9,15,49,8,11,14,9,14,13,25,8,17,9,6,0,3,18,9,11,15,9,11
"gene125",24,5,2,5,0,7,6,5,4,3,8,6,24,0,7,2,10,8,0,2,0,3,6,14,5,2,9,6,0,5
"gene126",19,9,19,10,9,11,14,16,5,19,2,5,13,8,12,2,24,5,10,16,15,7,12,4,2,17,11,5,6,22
"gene127",21,25,9,6,25,32,7,15,3,19,28,24,16,34,26,37,37,20,5,31,18,21,8,16,34,13,37,12,9,27
"gene128",56,49,39,49,53,31,26,38,55,23,36,44,14,20,31,25,20,38,32,20,30,32,45,47,31,39,42,14,13,26
"gene129",16,9,11,3,5,2,16,1,3,6,7,14,8,5,24,4,5,5,20,8,9,12,4,3,3,2,5,6,26,9
"gene130",33,6,20,31,6,0,6,4,8,7,49,13,6,5,2,10,13,18,27,6,3,7,29,1,10,1,11,22,5,7
"gene131",0,0,3,0,0,0,0,0,0,0,8,1,0,0,1,0,0,5,0,0,0,0,0,3,1,0,0,0,1,0
"gene132",24,3,9,11,21,24,37,1,5,6,9,14,21,7,18,16,6,10,8,11,9,20,28,21,14,20,28,28,20,24
"gene133",40,63,58,17,15,14,23,49,10,35,25,19,34,31,26,66,42,54,32,74,26,83,29,18,54,59,22,23,100,73
"gene134",24,15,24,12,8,13,17,22,18,9,11,9,16,28,18,42,33,21,21,26,19,26,1,29,19,38,12,19,32,5
"gene135",41,37,43,31,22,18,22,21,21,11,28,15,68,17,49,32,40,49,61,46,57,35,57,39,23,20,37,47,55,17
"gene136",15,10,31,8,0,33,22,10,23,5,34,31,30,9,11,30,20,27,27,26,30,19,34,9,9,15,20,6,31,20
"gene137",3,1,10,3,5,3,0,16,0,2,0,5,6,6,3,13,6,0,0,2,3,9,11,0,4,1,8,2,3,4
"gene138",0,0,0,0,0,0,0,0,0,0,4,0,0,0,2,0,0,1,0,0,0,2,0,1,0,0,3,0,0,1
"gene139",1,8,3,0,24,0,0,0,0,0,0,11,2,8,0,4,0,0,8,2,1,6,2,1,23,0,3,0,3,1
"gene140",30,26,16,31,33,48,19,34,31,15,28,36,31,68,22,39,11,26,25,32,17,15,32,44,11,28,27,39,46,25
"gene141",116,79,107,87,165,117,138,124,51,95,108,128,74,85,122,72,82,64,204,195,85,72,41,107,161,154,96,59,101,112
"gene142",122,33,33,55,83,39,28,67,62,52,33,45,27,77,94,32,32,41,42,62,67,39,118,61,27,20,3,24,44,56
"gene143",16,19,20,36,35,15,18,30,21,32,10,27,9,15,16,33,38,16,21,8,56,35,12,31,22,40,11,25,15,19
"gene144",76,49,40,90,28,45,76,68,39,63,35,56,89,84,19,68,24,91,63,110,28,70,65,83,44,34,65,41,24,46
"gene145",23,10,40,8,18,31,28,18,18,23,15,29,72,27,19,28,9,20,43,28,23,28,24,26,30,18,61,21,13,27
"gene146",74,194,165,98,260,284,123,242,220,180,113,319,145,267,171,190,61,93,146,116,168,161,107,195,171,110,180,167,113,249
"gene147",200,145,170,228,150,119,188,185,186,176,150,36,191,185,89,97,109,131,103,116,117,279,90,138,244,102,141,144,76,255
"gene148",73,42,21,57,20,48,54,65,63,41,29,52,48,37,36,50,43,29,50,14,33,71,49,29,32,35,17,125,99,32
"gene149",0,0,1,0,1,0,0,0,0,10,0,3,5,4,0,0,11,0,0,1,1,0,0,0,1,1,2,0,2,0
"gene150",43,31,34,24,28,25,49,35,49,59,54,48,19,32,44,35,44,28,4,30,83,50,37,56,66,29,41,69,23,40
"gene151",9,1,5,3,19,7,5,1,5,4,13,6,5,12,5,8,8,9,2,11,3,5,5,3,1,7,6,2,0,2
"gene152",1,4,8,8,11,10,3,21,8,2,2,1,2,1,6,16,9,12,0,15,26,11,3,12,10,17,11,0,9,18
"gene153",9,0,3,0,0,0,0,3,0,1,7,3,0,0,0,3,0,0,6,0,0,0,3,0,1,0,0,0,1,0
"gene154",110,69,126,57,66,142,162,106,196,238,190,71,84,32,68,152,164,111,161,139,115,87,69,67,124,168,156,155,106,111
"gene155",40,76,16,26,23,42,48,45,15,40,12,39,26,35,36,26,30,38,41,22,29,51,12,19,10,31,4,49,20,19
"gene156",37,5,8,6,10,15,5,7,10,5,8,15,3,1,1,37,1,7,8,8,25,13,4,2,11,5,7,16,22,15
"gene157",0,0,0,2,0,5,0,0,0,0,0,0,0,0,1,0,0,0,0,0,0,0,0,0,0,2,17,0,4,0
"gene158",19,34,35,7,20,35,23,34,39,22,12,8,12,12,35,25,57,17,14,11,28,15,14,25,10,7,29,30,24,30
"gene159",38,44,45,23,56,44,44,82,58,58,59,43,43,35,35,43,19,52,10,31,35,52,31,23,32,49,26,39,34,33
"gene160",37,14,37,37,38,13,11,13,32,27,23,11,35,34,25,39,2,27,15,16,16,3,38,28,37,29,45,23,11,26
"gene161",88,29,66,55,32,32,35,39,46,39,40,100,40,51,50,23,39,62,88,13,24,25,68,88,51,44,53,45,79,20
"gene162",11,1,7,26,1,0,3,28,21,10,3,4,18,26,1,10,1,16,9,32,8,3,7,2,4,14,1,10,4,24
"gene163",42,52,34,27,31,34,37,13,44,16,40,16,41,68,28,63,28,50,33,11,34,37,27,87,76,29,38,32,36,40
"gene164",6,16,2,2,0,10,9,9,8,5,1,4,9,4,3,5,11,1,3,3,7,4,3,4,4,2,5,14,20,5
"gene165",58,26,42,53,91,28,62,82,48,67,98,52,130,53,78,42,161,60,74,64,77,41,59,58,23,44,63,63,35,28
"gene166",949,1147,1366,1404,845,836,497,1031,784,717,924,1140,946,806,553,514,963,1359,580,766,447,1090,647,587,578,1003,731,1036,1354,493
"gene167",0,0,0,3,1,2,0,1,0,3,8,4,4,0,3,2,0,1,5,2,1,0,2,5,1,9,0,0,0,2
"gene168",2,4,30,2,7,0,10,2,1,10,6,3,7,5,3,0,15,0,5,3,0,3,2,7,0,9,0,2,2,0
"gene169",3,4,3,6,2,0,3,0,2,4,8,4,12,6,2,2,10,0,1,6,6,3,5,1,5,6,6,7,0,5
"gene170",2,10,3,1,20,18,4,12,1,13,9,14,4,16,14,4,0,17,7,7,6,27,16,33,22,12,26,9,15,24
"gene171",12,73,47,63,89,87,58,11,57,17,46,113,63,58,83,27,43,101,40,44,34,54,56,89,62,79,92,28,36,55
"gene172",3,3,0,0,9,1,5,2,2,0,2,5,4,10,10,4,0,2,1,6,6,0,1,9,0,1,0,1,6,2
"gene173",1,1,1,0,0,2,3,2,0,0,2,9,1,0,3,4,0,1,0,0,3,0,0,4,0,1,1,1,3,0
"gene174",36,23,17,47,12,15,26,16,9,19,41,2,23,24,49,18,15,24,22,20,9,26,5,6,7,3,15,25,33,33
"gene175",0,3,3,14,4,1,0,3,8,1,0,13,4,2,22,8,10,2,1,6,1,9,3,5,3,1,8,0,3,2
"gene176",4,11,16,46,7,11,20,10,4,6,3,6,7,12,5,10,1,7,15,8,7,17,3,17,10,6,5,25,9,0
"gene177",2,17,1,9,11,5,9,1,10,5,1,3,0,5,2,2,8,10,7,11,5,0,7,4,15,2,7,6,3,4
"gene178",13,5,2,19,16,4,4,6,8,4,25,2,1,1,9,3,8,2,3,22,0,15,23,7,13,10,0,9,13,5
"gene179",22,3,9,31,5,7,30,11,28,16,5,19,16,17,25,15,2,10,20,42,20,25,17,44,28,39,20,14,15,16
"gene180",1,0,4,0,4,0,7,0,16,12,0,1,7,12,1,6,7,3,0,7,0,2,3,1,7,9,3,0,8,5
"gene181",11,22,71,29,37,27,40,23,23,3,28,16,19,38,47,41,29,14,42,18,20,30,32,18,18,31,37,22,40,35
"gene182",22,50,35,79,53,75,111,48,104,25,83,78,88,89,54,24,75,64,26,121,86,69,70,48,40,63,55,37,36,65
"gene183",66,146,121,53,42,75,50,87,55,119,117,91,32,47,85,111,92,53,88,80,87,53,45,61,44,35,68,38,58,37
"gene184",3,0,0,0,4,13,0,0,1,0,1,0,1,1,2,0,4,2,2,3,1,3,2,5,0,0,0,3,0,4
"gene185",113,32,126,86,56,50,113,90,53,56,62,68,38,35,78,76,74,125,40,59,69,52,51,56,68,56,65,51,70,60
"gene186",90,88,50,98,31,89,51,72,29,35,29,54,70,66,46,26,51,9,59,61,60,50,50,31,41,37,64,27,67,37
"gene187",24,11,42,41,51,31,46,44,11,24,14,19,29,8,37,27,20,26,52,19,55,40,24,29,26,26,29,36,45,29
"gene188",6,14,7,11,17,18,15,14,18,8,8,19,25,6,27,19,37,18,19,25,14,0,14,5,4,21,7,21,7,15
"gene189",37,46,18,29,34,14,41,24,14,71,32,27,29,20,47,57,39,28,52,53,10,9,15,51,10,18,54,48,44,60
"gene190",0,1,0,5,1,0,1,2,0,0,8,7,1,3,0,0,1,0,4,3,0,0,0,1,2,1,1,1,0,3
"gene191",0,0,2,0,0,0,0,1,1,0,1,0,1,0,1,0,4,6,0,1,0,3,0,0,0,3,0,0,0,0
"gene192",8,2,27,5,1,22,17,18,14,4,16,26,9,7,10,11,13,6,1,10,32,9,11,18,16,14,18,15,8,27
"gene193",71,35,101,63,46,112,46,72,36,96,58,78,73,49,98,133,78,60,50,75,85,54,52,57,41,90,56,77,47,79
"gene194",22,51,47,114,62,59,38,54,57,41,23,50,19,71,16,17,40,139,55,65,39,23,67,17,97,67,46,63,14,66
"gene195",76,76,74,66,28,13,91,41,47,59,39,118,178,30,80,80,37,81,39,35,107,45,73,64,128,25,21,70,88,19
"gene196",13,3,15,16,15,27,3,10,20,17,46,6,24,10,9,7,15,11,15,16,27,18,38,12,4,13,22,7,7,24
"gene197",4,13,12,17,6,31,30,35,27,23,16,61,14,7,20,23,15,18,9,11,69,13,41,13,17,15,39,20,15,13
"gene198",5,1,1,2,10,0,1,1,9,1,6,1,0,16,9,7,4,2,12,1,3,0,18,14,0,0,12,4,1,30
"gene199",4,2,0,3,5,4,0,0,8,2,8,7,8,7,0,2,6,6,0,1,2,1,0,1,7,3,9,14,4,4
"gene200",3,2,3,10,1,2,1,2,1,9,1,7,11,6,3,3,0,0,1,11,8,3,0,7,1,2,4,0,1,14
"gene201",29,18,12,9,13,3,3,0,28,16,8,9,2,13,4,8,8,20,9,7,3,7,2,14,10,8,9,4,24,7
"gene202",974,1260,1208,1328,1209,679,1136,1453,798,1052,831,925,626,855,1720,1334,580,600,873,992,793,1213,1067,1239,903,938,999,1127,1330,807
"gene203",8,23,7,5,11,11,1,13,11,3,10,12,1,6,13,9,12,10,5,2,14,13,46,15,17,1,17,7,6,32
"gene204",17,16,15,10,35,25,38,17,53,29,18,46,40,16,3,21,18,10,15,30,17,21,38,14,18,22,19,9,5,35
"gene205",73,109,89,86,193,84,139,97,110,96,85,159,128,133,85,135,69,92,104,162,108,61,217,160,201,71,106,83,161,205
"gene206",147,79,96,151,241,100,176,89,77,102,174,137,115,132,228,24,54,116,102,120,113,118,76,112,82,82,199,109,57,87
"gene207",1,3,1,13,5,3,6,1,1,11,0,9,3,15,6,0,3,0,0,7,0,0,2,1,0,2,4,7,2,3
"gene208",33,48,14,23,50,29,24,20,28,31,27,52,88,39,40,40,51,33,53,38,103,21,29,53,56,20,28,96,47,35
"gene209",43,58,32,44,23,43,87,32,45,25,34,70,27,55,99,51,76,47,84,34,68,48,60,19,22,52,29,28,63,72
"gene210",55,20,49,50,37,100,7,75,78,49,74,45,20,76,38,46,33,56,79,20,53,81,20,61,36,26,37,45,24,33
"gene211",2,5,2,3,10,2,2,0,6,3,18,6,0,1,4,15,3,0,0,6,4,3,2,13,11,1,0,2,2,3
"gene212",7,4,13,8,11,15,5,2,0,5,1,7,5,1,23,8,4,7,4,2,1,1,5,4,2,3,10,1,3,14
"gene213",85,38,33,57,62,46,82,42,117,51,45,112,90,70,41,70,60,79,81,39,96,58,88,93,50,32,70,110,32,77
"gene214",0,4,0,0,0,0,6,0,0,4,0,0,0,2,0,0,0,1,0,0,3,0,0,0,0,1,0,2,0,0
"gene215",88,77,96,96,52,64,77,87,123,51,104,35,56,23,66,95,107,38,84,42,56,75,93,47,42,62,97,52,103,108
"gene216",4,2,10,0,3,4,0,0,0,1,1,0,4,0,1,2,2,6,2,1,0,6,5,1,6,1,3,2,5,0
"gene217",0,12,6,4,3,7,4,3,2,3,12,7,13,9,17,4,2,11,5,15,17,16,4,3,5,10,5,8,3,12
"gene218",35,27,64,40,8,28,22,30,18,15,9,37,49,63,34,47,33,29,42,29,41,39,29,13,19,44,61,18,48,26
"gene219",40,19,30,27,14,28,39,27,35,24,38,38,18,75,31,33,11,53,21,16,20,17,10,18,43,59,11,8,16,8
"gene220",5,8,3,7,14,0,5,14,3,1,25,10,5,8,0,9,7,12,14,13,2,16,1,10,0,3,8,18,5,12
"gene221",55,13,79,52,99,27,40,49,27,69,48,7,41,67,20,27,57,54,30,75,38,44,166,83,81,46,33,33,44,52
"gene222",28,6,16,51,33,10,16,10,30,30,17,29,39,28,11,26,40,36,14,27,25,28,16,19,36,5,26,12,15,60
"gene223",2,8,0,6,10,1,4,8,5,5,0,17,1,1,11,2,9,50,15,1,15,2,4,5,1,0,5,2,7,3
"gene224",12,22,12,6,17,15,11,7,5,9,4,25,2,14,23,19,19,2,3,26,2,14,6,21,27,21,19,10,9,11
"gene225",58,27,25,51,46,32,16,11,41,48,30,68,30,13,71,43,68,57,48,52,69,41,56,8,52,105,64,22,49,20
"gene226",3,1,0,2,0,0,3,0,1,4,4,5,2,4,6,0,1,1,0,1,4,1,6,4,3,1,0,0,1,2
"gene227",0,0,0,0,3,0,5,1,2,0,24,3,4,4,4,6,0,5,0,3,4,9,1,8,6,6,25,1,2,5
"gene228",56,23,39,32,57,23,22,43,17,61,33,56,41,44,55,40,55,53,43,35,32,42,47,40,50,17,42,32,46,37
"gene229",1,15,1,8,0,4,4,8,2,4,8,17,0,6,7,4,4,0,0,3,0,9,1,5,0,2,2,2,12,6
"gene230",2,0,18,13,13,7,11,11,2,10,7,16,5,10,18,14,2,13,17,12,3,6,6,2,6,7,19,16,10,1
"gene231",1,0,0,7,2,2,2,12,7,1,0,3,2,1,0,0,0,7,0,3,0,2,1,2,3,2,6,8,0,0
"gene232",8,2,18,2,8,10,9,11,20,10,31,12,12,13,2,16,14,2,3,6,6,23,6,4,5,8,1,2,2,8
"gene233",10,2,12,15,15,4,0,15,14,6,1,7,5,18,3,1,2,3,7,6,9,12,1,33,11,1,5,2,1,7
"gene234",0,0,1,0,7,4,0,2,0,1,1,1,0,0,3,1,1,5,10,0,0,0,0,1,0,2,1,0,0,1
"gene235",10,0,1,0,5,6,0,2,2,7,0,2,5,1,4,1,0,0,0,14,1,2,6,0,1,0,0,1,3,3
"gene236",27,46,13,17,42,29,29,31,28,42,42,23,40,17,42,46,57,42,65,47,37,34,71,27,60,34,39,59,28,41
"gene237",121,79,94,169,225,136,144,128,170,174,104,53,110,82,74,72,93,131,111,161,145,104,141,130,112,60,145,99,160,136
"gene238",12,31,27,20,18,14,39,0,22,11,10,15,10,15,26,16,11,18,21,2,23,20,6,17,6,7,38,18,14,7
"gene239",1,3,1,3,1,0,0,11,2,6,1,0,11,0,0,1,2,3,0,1,5,5,0,7,8,3,8,0,1,0
"gene240",74,133,128,208,107,186,150,104,153,153,96,116,165,143,147,78,191,148,96,78,105,118,126,202,163,144,163,74,174,132
"gene241",42,23,11,28,8,25,6,12,9,4,21,18,19,11,20,17,5,30,7,37,12,36,35,21,16,22,23,20,10,10
"gene242",17,10,9,3,21,19,19,36,7,6,2,24,12,16,12,7,5,9,25,2,2,24,7,6,16,4,15,31,19,7
"gene243",6,3,3,7,0,10,0,0,8,0,2,1,11,1,0,0,0,1,5,3,0,0,0,13,16,8,0,0,6,14
"gene244",65,106,74,62,75,95,85,92,103,169,63,75,39,60,82,106,127,67,43,80,78,176,69,54,79,64,107,75,64,64
"gene245",0,2,0,1,0,0,5,6,1,0,0,9,2,1,0,0,0,0,2,1,0,11,2,6,1,1,1,4,11,0
"gene246",6,24,26,16,4,20,13,3,30,8,6,2,8,7,0,6,27,9,40,14,7,0,8,9,14,8,9,15,27,0
"gene247",24,29,31,42,46,40,45,49,69,62,29,27,13,50,47,16,48,14,50,74,24,59,69,9,30,43,26,27,30,37
"gene248",5,1,0,2,8,2,0,0,2,0,0,0,6,4,1,1,0,3,0,0,8,0,1,0,18,0,0,2,0,2
"gene249",19,35,6,38,12,10,20,45,20,51,32,34,31,37,12,8,28,27,31,29,5,10,32,5,43,23,25,9,45,42
"gene250",10,6,23,40,22,3,41,13,13,18,10,2,21,26,15,31,14,24,2,15,41,28,35,23,29,7,12,10,45,24
"gene251",7,12,13,24,5,3,4,10,20,4,23,23,9,9,2,9,6,3,7,23,0,1,25,8,34,6,10,2,5,5
"gene252",61,114,88,70,83,36,143,101,82,71,60,90,49,72,130,70,133,64,113,78,75,104,148,62,89,77,85,161,48,85
"gene253",3,21,21,37,14,19,3,9,1,21,35,9,5,17,10,2,9,8,6,4,19,25,17,33,19,24,24,46,1,14
"gene254",17,13,4,30,6,4,11,3,4,10,7,13,13,6,1,21,4,13,14,7,0,3,4,4,4,14,19,1,7,4
"gene255",20,4,0,0,0,0,0,0,0,2,0,0,0,0,0,0,3,2,0,0,0,0,0,0,0,0,0,0,0,0
"gene256",41,26,30,24,18,16,61,3,19,13,37,47,14,31,11,27,31,17,20,34,23,14,17,20,32,2,43,18,25,16
"gene257",398,242,416,231,247,408,291,214,312,155,370,346,207,348,257,356,299,158,308,186,283,251,250,206,232,441,281,260,336,313
"gene258",0,6,1,2,0,1,1,10,1,20,1,8,0,3,0,1,0,0,1,3,1,1,5,1,3,9,1,4,2,0
"gene259",5,10,7,12,0,8,8,8,13,8,5,1,5,23,27,5,19,2,0,8,5,1,10,17,8,2,19,2,4,1
"gene260",0,2,33,5,4,5,15,12,19,1,7,16,4,8,21,4,2,5,4,1,8,19,5,6,7,5,2,0,8,9
"gene261",18,25,25,39,38,8,24,79,40,16,5,27,22,14,17,5,46,14,12,15,29,26,7,9,12,6,6,27,13,30
"gene262",8,4,7,0,4,4,2,18,1,6,2,8,4,0,1,2,5,0,5,3,11,1,5,4,2,25,4,15,0,6
"gene263",3,17,9,8,11,9,3,5,2,21,12,2,8,6,6,3,12,17,24,8,18,4,17,15,16,7,15,2,15,12
"gene264",152,77,68,65,126,54,52,129,76,38,59,42,68,89,100,113,150,68,72,90,94,58,84,109,125,125,72,124,128,110
"gene265",9,8,28,13,18,24,21,10,16,10,17,19,20,4,8,14,37,18,4,23,3,10,8,23,9,21,26,10,42,17
"gene266",0,0,2,4,3,0,0,5,4,8,2,1,1,0,9,0,0,2,9,3,1,2,2,1,0,4,5,8,1,3
"gene267",16,22,12,31,3,11,29,18,23,38,50,10,24,28,10,14,11,14,64,14,56,16,33,34,14,28,38,41,14,20
"gene268",5,30,16,13,25,6,12,15,1,2,3,25,16,10,14,9,24,5,12,3,12,11,24,26,18,7,7,9,23,12
"gene269",48,3,25,30,31,17,5,19,22,6,8,8,21,4,39,6,11,8,18,15,12,3,12,10,18,9,20,13,12,10
"gene270",14,11,12,9,27,8,8,9,10,25,21,8,13,21,54,9,15,17,24,26,40,12,11,41,33,26,33,14,2,16
"gene271",1,0,4,9,8,9,25,2,5,2,5,13,10,6,11,10,5,0,10,4,9,16,3,10,8,9,12,2,2,9
"gene272",0,1,2,0,12,3,0,8,1,0,0,1,0,7,2,0,4,0,0,1,2,0,6,3,2,6,0,9,1,1
"gene273",10,29,57,7,11,28,31,23,14,27,11,35,6,12,16,34,41,30,31,29,40,14,30,34,13,27,14,22,22,19
"gene274",13,21,12,7,4,15,15,11,4,12,13,12,28,16,17,24,23,18,6,9,9,27,20,12,8,6,30,9,11,19
"gene275",4,5,4,10,6,0,10,4,4,11,10,9,11,4,5,8,11,17,3,16,1,2,17,8,1,1,2,4,5,20
"gene276",93,38,36,91,35,63,46,22,22,28,56,16,33,14,69,76,28,62,44,29,15,108,34,54,50,25,35,2,60,84
"gene277",1,2,5,5,2,4,12,7,1,7,32,1,0,3,2,4,8,20,11,3,0,2,0,4,2,1,1,1,2,2
"gene278",11,0,0,1,6,8,2,7,10,17,12,5,12,6,2,15,1,3,11,5,2,21,5,11,5,9,3,4,1,5
"gene279",9,28,17,41,4,3,9,4,3,1,12,3,11,15,26,1,33,6,28,8,19,17,14,12,10,3,6,10,18,16
"gene280",1,3,1,0,4,0,0,0,0,0,0,0,3,0,0,3,2,0,2,0,2,9,4,9,0,13,1,0,0,2
"gene281",14,14,23,15,9,4,8,18,1,11,17,13,15,3,34,10,2,7,1,2,23,11,0,21,6,20,7,39,6,4
"gene282",53,65,37,12,25,46,74,69,31,52,16,23,57,44,43,21,14,34,25,32,47,26,37,75,51,84,34,32,18,28
"gene283",15,10,1,4,16,5,11,15,10,33,16,27,12,31,7,15,11,6,8,19,8,12,19,6,24,9,7,13,5,19
"gene284",25,55,22,48,21,60,73,41,28,16,84,25,48,24,31,12,24,23,19,28,39,32,58,39,24,49,73,22,32,52
"gene285",6,17,22,11,4,2,1,7,1,2,1,10,25,18,1,5,0,6,11,4,11,5,1,0,1,4,7,18,3,2
"gene286",2,14,8,0,8,8,1,7,6,0,8,0,0,13,1,2,2,0,10,0,0,2,1,2,10,2,0,0,6,0
"gene287",7,0,5,29,16,10,10,4,18,9,21,7,7,1,10,14,21,19,4,14,27,14,21,15,17,7,23,15,24,7
"gene288",8,5,4,6,4,4,10,7,0,0,1,9,13,19,13,4,25,2,15,7,15,4,10,2,1,24,1,3,9,1
"gene289",2,11,29,10,31,9,15,11,22,19,12,14,37,16,19,21,7,20,13,19,16,17,11,45,20,33,31,37,9,33
"gene290",498,280,555,437,194,262,415,448,317,558,294,328,317,355,550,444,466,280,212,284,311,206,564,320,453,441,397,306,239,280
"gene291",126,95,90,93,205,104,132,64,177,91,211,140,149,127,240,275,84,164,97,168,158,109,152,127,161,206,211,143,162,146
"gene292",0,2,6,0,0,2,4,2,5,0,0,2,3,3,5,1,1,2,14,9,3,0,1,1,1,4,0,2,17,1
"gene293",6,24,6,6,31,11,5,8,7,4,1,1,0,6,13,6,15,9,5,11,3,11,1,0,3,15,2,7,21,6
"gene294",0,8,0,0,0,1,0,0,0,4,3,14,0,0,2,1,0,0,0,2,2,2,0,0,4,0,6,3,3,0
"gene295",1,0,5,3,5,4,1,2,0,3,6,2,1,2,8,8,0,4,0,0,1,4,2,3,0,0,1,3,6,3
"gene296",199,75,66,201,134,187,169,75,78,171,150,189,69,197,106,86,149,118,139,91,111,153,137,115,96,78,129,105,99,187
"gene297",34,28,13,6,5,12,48,29,6,28,30,9,5,19,15,25,3,18,9,15,9,18,27,9,10,10,18,29,36,25
"gene298",19,13,5,14,1,2,7,2,9,8,10,4,16,4,15,5,3,1,6,26,3,14,1,6,2,4,3,0,1,15
"gene299",29,28,43,28,11,35,33,28,26,11,49,24,81,21,15,26,23,27,49,43,23,41,39,36,24,38,26,9,52,7
"gene300",14,32,14,29,14,32,19,13,10,21,24,31,26,9,8,3,24,15,11,8,5,13,18,11,24,23,7,7,18,34
"gene301",165,81,22,46,114,69,78,87,79,40,62,48,73,89,78,75,87,38,69,111,55,57,32,77,75,55,51,118,86,115
"gene302",10,9,15,11,12,7,15,25,12,10,25,12,7,5,32,32,32,15,23,7,24,8,25,17,19,7,3,5,5,15
"gene303",93,62,26,61,12,54,16,20,50,42,48,66,31,17,50,30,62,59,63,39,73,38,41,23,23,24,32,29,41,44
"gene304",22,7,37,34,31,21,26,7,29,8,36,12,19,24,41,3,15,18,13,8,25,7,20,38,21,10,23,24,27,18
"gene305",4,31,32,11,34,32,4,13,22,5,10,16,29,27,13,2,26,21,31,7,12,4,17,24,9,27,14,4,13,44
"gene306",16,15,38,50,30,21,12,28,1,11,17,13,13,21,13,12,20,14,21,20,23,36,8,19,13,12,5,28,7,21
"gene307",57,40,21,34,19,29,6,53,7,26,32,9,27,80,48,38,32,54,16,19,28,55,37,41,18,30,36,51,70,9
"gene308",0,10,15,4,11,2,3,14,27,9,14,10,21,7,12,1,8,4,11,7,14,10,11,14,6,14,5,8,4,13
"gene309",31,15,10,20,12,5,13,12,6,4,8,11,12,29,5,5,3,10,11,7,14,17,5,3,10,13,5,1,7,4
"gene310",38,54,36,29,28,21,34,23,39,27,27,21,87,51,22,46,9,9,52,14,23,28,29,75,16,38,11,35,38,25
"gene311",9,13,1,3,2,3,5,19,12,8,1,7,3,0,9,12,0,0,9,2,4,19,4,17,5,3,0,21,2,11
"gene312",19,3,25,24,9,14,9,43,7,21,13,10,24,10,7,23,9,20,18,11,28,27,5,4,17,19,47,50,14,23
"gene313",6,8,3,4,5,12,5,1,2,3,21,6,2,19,3,3,8,5,6,1,0,2,7,1,8,6,0,3,1,7
"gene314",70,123,141,78,73,112,129,73,63,64,78,39,70,64,100,191,149,100,104,114,129,115,138,92,57,77,76,65,168,117
"gene315",1,1,1,6,0,1,0,5,1,0,1,0,0,3,0,0,9,1,5,3,1,7,0,0,2,1,4,10,0,11
"gene316",195,133,73,65,152,156,96,204,198,151,91,73,126,204,46,134,55,59,128,136,133,90,105,110,124,140,111,120,164,78
"gene317",0,1,0,0,0,0,0,0,0,2,2,0,12,0,1,0,0,2,0,1,2,2,0,0,0,0,0,3,0,0
"gene318",34,21,17,31,51,16,19,10,12,30,29,19,23,11,7,27,41,47,14,2,21,18,10,5,23,21,6,21,36,31
"gene319",16,33,13,6,46,24,5,17,7,19,5,10,29,15,30,26,1,19,10,26,26,1,12,26,18,26,28,10,31,11
"gene320",14,19,35,24,9,51,35,35,13,14,32,12,13,45,32,10,39,22,18,3,38,9,34,4,31,14,17,20,20,13
"gene321",11,20,16,15,9,52,26,25,19,37,42,15,13,24,34,11,54,14,29,32,47,11,35,35,4,5,29,13,12,28
"gene322",11,23,11,8,5,16,11,9,12,3,5,4,4,4,1,10,25,7,10,6,11,2,7,5,18,8,23,6,33,26
"gene323",636,255,208,268,433,281,140,418,230,434,367,308,302,310,215,342,147,227,348,386,265,450,294,249,311,375,234,418,314,241
"gene324",28,22,17,32,39,34,59,22,20,27,12,25,47,38,18,12,26,23,82,17,26,42,65,87,22,41,83,53,36,31
"gene325",13,5,6,7,3,6,8,3,24,3,11,22,2,5,15,3,16,6,18,3,3,17,10,20,4,0,25,17,1,16
"gene326",11,27,9,9,6,3,10,7,16,11,8,3,7,6,12,9,21,22,21,15,10,15,16,7,8,10,17,15,3,12
"gene327",8,10,7,17,16,23,4,17,19,31,21,26,5,21,12,16,13,11,10,20,25,11,7,10,21,22,29,8,7,58
"gene328",27,16,27,7,18,24,42,14,6,27,16,7,7,12,11,38,50,35,14,30,26,24,22,19,13,16,28,9,5,35
"gene329",0,12,2,3,0,1,6,0,16,5,10,9,13,1,6,2,1,7,3,7,1,9,1,17,1,2,1,0,11,0
"gene330",0,0,1,1,2,0,1,0,1,0,1,0,0,0,0,6,0,0,3,0,2,2,0,0,0,0,2,0,0,0
"gene331",127,122,76,128,127,116,184,143,70,149,117,301,87,90,96,44,128,28,126,82,178,69,71,75,40,42,115,66,121,85
"gene332",7,17,0,0,12,5,3,0,4,1,2,6,1,3,5,0,0,0,4,3,6,1,2,2,0,6,0,0,8,0
"gene333",100,132,48,65,46,138,65,71,82,88,56,96,65,42,178,191,119,151,128,149,175,85,61,181,101,100,131,61,147,186
"gene334",5,8,2,32,5,13,9,15,6,14,11,4,15,6,20,6,2,8,5,7,5,1,8,22,3,10,5,4,9,29
"gene335",89,47,41,82,40,36,95,45,72,49,57,54,20,46,39,70,53,22,44,24,28,21,43,39,26,19,26,53,60,45
"gene336",210,323,149,328,243,310,247,292,226,350,220,309,214,375,213,206,314,464,367,320,244,293,354,251,213,210,172,195,340,260
"gene337",6,2,5,5,4,10,6,3,5,5,6,16,6,7,19,5,10,9,13,14,19,11,16,16,7,13,16,5,1,16
"gene338",7,1,0,1,1,2,0,0,7,0,4,1,0,0,2,0,1,6,5,0,0,3,0,6,0,14,2,0,5,7
"gene339",2,1,4,0,0,0,3,0,5,0,3,2,0,0,2,0,0,0,4,10,2,1,0,0,0,0,0,2,0,6
"gene340",7,1,11,4,1,2,14,11,10,4,2,18,7,1,2,10,15,8,0,0,13,1,6,6,16,11,4,12,2,1
"gene341",62,88,47,43,131,63,83,43,99,83,99,55,26,93,72,71,68,39,87,95,86,114,62,44,92,57,71,75,32,39
"gene342",3,8,7,12,1,11,5,18,2,15,12,2,2,4,7,0,1,1,0,1,1,2,5,11,9,4,4,1,0,30
"gene343",74,7,23,44,22,80,21,24,29,39,20,16,67,23,32,43,83,27,16,21,43,23,17,18,39,31,10,71,41,33
"gene344",7,6,4,4,10,6,1,14,0,5,2,2,0,4,5,2,0,5,9,13,19,22,2,0,21,17,3,2,12,2
"gene345",15,28,7,6,15,12,2,10,9,16,26,4,24,4,8,15,15,22,58,8,18,3,5,10,16,15,14,3,2,5
"gene346",27,36,8,17,30,26,19,38,17,45,18,13,42,14,21,27,7,11,23,23,50,54,13,19,41,42,14,15,9,28
"gene347",3,7,5,20,0,9,12,12,2,23,5,33,9,2,8,6,0,0,0,1,8,7,2,14,29,3,3,9,4,2
"gene348",20,11,53,41,11,30,20,20,24,41,15,20,51,13,30,48,47,17,12,34,37,26,45,59,76,70,51,23,18,20
"gene349",12,18,15,30,19,16,33,22,18,14,15,22,19,42,4,29,36,22,18,37,11,30,23,16,3,30,36,19,29,16
"gene350",17,4,1,3,7,2,12,9,13,8,0,24,2,0,3,1,1,4,3,1,9,11,0,8,3,7,7,14,3,5
"gene351",2,9,12,16,2,9,8,7,6,13,13,16,18,11,12,26,8,6,1,3,7,8,2,10,0,3,8,20,4,16
"gene352",29,14,46,45,48,11,35,11,49,35,34,55,31,27,38,26,64,38,16,26,39,31,40,41,55,36,17,33,31,36
"gene353",0,1,0,17,24,10,1,4,6,23,3,8,5,5,4,4,13,12,7,14,4,13,6,1,17,4,0,31,18,3
"gene354",1,0,9,4,2,0,0,3,0,0,3,0,0,5,0,0,3,7,0,0,1,0,0,0,0,0,0,21,0,3
"gene355",8,8,9,9,7,1,7,28,14,3,7,1,21,2,3,16,9,8,6,31,13,20,11,10,36,0,10,3,2,10
"gene356",13,17,9,4,11,15,7,17,8,10,19,16,11,7,4,10,14,17,7,5,19,15,17,21,25,8,26,7,4,0
"gene357",254,197,359,369,596,370,399,264,443,439,338,342,497,305,363,327,652,299,383,187,429,161,371,317,305,628,329,572,527,211
"gene358",13,28,25,8,28,17,5,9,11,4,40,11,23,16,30,17,27,9,13,7,18,2,16,9,15,17,13,14,17,8
"gene359",59,49,73,38,47,38,48,65,24,59,82,68,88,56,36,37,93,34,37,73,45,80,32,56,67,41,82,36,25,35
"gene360",15,19,28,7,10,55,33,40,7,5,26,14,30,44,12,13,43,3,15,16,16,90,28,19,47,26,5,14,44,19
"gene361",0,2,1,3,4,0,1,0,2,11,3,9,0,2,11,0,0,0,4,0,0,5,0,0,5,0,2,11,1,0
"gene362",15,8,4,6,4,6,3,4,6,5,12,12,7,8,0,8,4,9,2,11,4,8,6,7,2,1,5,7,3,18
"gene363",0,5,3,1,1,6,5,3,1,6,0,5,1,7,4,18,1,7,4,0,3,0,4,2,12,0,1,8,11,2
"gene364",6,2,12,12,5,5,8,22,9,2,13,11,12,5,9,8,13,17,7,8,9,3,19,5,11,1,32,1,6,5
"gene365",20,7,21,7,37,23,4,24,8,27,14,10,19,12,5,21,7,42,29,22,41,27,9,24,15,20,45,20,21,16
"gene366",0,0,2,1,1,0,2,0,0,2,3,0,0,0,3,0,0,10,0,3,3,1,0,0,11,0,0,1,1,1
"gene367",0,6,1,6,6,4,1,8,3,6,12,2,12,3,4,3,2,10,6,7,5,15,4,4,7,3,7,21,1,2
"gene368",8,18,4,67,43,21,44,14,18,41,40,9,23,24,32,9,25,46,17,31,16,25,34,17,7,13,20,34,9,29
"gene369",0,0,0,4,0,0,1,2,2,0,4,1,1,9,0,0,1,0,2,8,2,0,0,0,2,0,1,0,0,7
"gene370",71,36,42,30,22,30,67,59,61,27,26,34,12,43,10,28,54,20,93,54,43,77,59,60,21,48,9,51,45,15
"gene371",31,24,10,6,21,32,11,37,15,27,9,16,13,18,6,24,52,17,14,25,19,13,24,40,16,30,11,2,18,24
"gene372",4,0,12,4,6,11,5,10,10,19,16,2,1,3,4,7,14,3,2,4,5,18,2,3,14,2,5,11,21,2
"gene373",22,53,48,76,85,47,68,101,85,80,66,50,29,41,52,72,78,29,38,48,81,65,27,102,55,76,75,136,67,86
"gene374",305,169,103,102,327,245,201,116,199,137,175,224,127,165,173,108,242,297,276,292,95,146,125,148,133,179,200,410,124,73
"gene375",36,32,41,37,37,36,31,32,52,58,120,28,56,57,33,38,41,70,25,49,95,60,29,55,60,47,82,79,19,85
"gene376",17,18,2,21,11,21,25,23,16,30,17,13,29,14,47,37,32,23,14,41,34,30,14,52,12,80,54,14,10,60
"gene377",32,18,13,30,23,10,22,27,44,12,25,20,24,3,15,12,8,15,19,37,18,10,22,22,39,9,27,34,10,23
"gene378",15,47,41,16,23,9,11,63,13,21,21,21,11,5,16,36,33,8,39,37,7,45,8,29,42,15,30,12,16,1
"gene379",562,489,573,962,425,240,441,280,777,564,720,654,339,483,670,507,394,521,421,431,770,875,465,440,367,267,272,475,471,786
"gene380",55,73,21,38,26,41,41,58,17,7,17,40,19,25,68,53,49,31,34,15,56,44,100,36,29,34,84,59,66,47
"gene381",28,24,21,31,19,13,29,13,31,18,20,16,10,19,13,16,32,46,8,34,40,40,21,15,29,43,67,74,27,17
"gene382",52,25,66,94,16,63,61,39,65,32,22,45,21,38,50,52,37,23,10,52,52,29,80,92,48,49,48,18,69,27
"gene383",169,401,152,385,136,113,307,127,233,179,199,311,113,318,334,267,180,291,223,349,175,119,249,157,196,321,112,193,254,306
"gene384",163,213,111,83,137,96,106,92,242,101,131,130,118,99,167,142,126,146,116,52,161,253,60,204,139,130,193,112,200,161
"gene385",89,122,181,407,217,304,151,153,251,355,277,393,162,304,274,228,264,244,163,293,246,134,264,365,251,242,281,238,424,233
"gene386",38,48,36,42,49,38,32,51,73,48,87,36,78,31,34,28,18,85,26,56,15,54,61,30,24,50,32,20,38,47
"gene387",6,3,4,3,7,10,6,3,1,2,10,2,3,23,14,17,0,9,2,5,6,14,6,17,3,2,14,4,5,5
"gene388",201,152,174,279,49,140,216,220,74,91,111,68,162,172,192,57,158,72,64,149,171,190,183,265,169,223,102,121,93,87
"gene389",16,40,20,24,22,9,28,50,21,27,20,14,10,31,8,19,46,35,46,20,20,10,13,18,8,34,20,34,8,43
"gene390",0,13,0,0,0,4,1,1,4,0,4,0,4,3,1,0,5,0,1,2,1,1,6,1,8,3,1,1,3,15
"gene391",48,11,37,28,44,31,43,52,10,25,21,29,26,39,31,53,29,49,31,29,36,61,38,56,46,25,24,21,33,23
"gene392",32,69,65,33,44,29,16,44,52,45,42,45,67,21,40,53,77,39,54,17,47,146,67,57,26,44,22,27,15,37
"gene393",9,20,15,20,9,25,5,10,6,4,11,8,8,28,21,10,14,23,19,5,12,5,11,16,11,12,21,20,14,10
"gene394",0,7,0,4,4,0,3,0,0,1,0,3,4,0,0,0,0,0,6,0,0,0,2,0,0,0,0,4,1,0
"gene395",32,15,21,26,33,30,29,42,16,47,58,27,41,45,33,15,25,23,24,58,19,21,23,20,39,78,51,7,61,12
"gene396",1,5,1,8,15,7,14,10,13,6,16,10,0,1,11,6,7,19,10,2,9,5,18,12,9,10,14,8,15,5
"gene397",3,0,3,0,0,13,0,0,0,0,1,0,0,13,0,4,0,0,0,6,4,1,0,2,3,1,0,0,3,0
"gene398",32,33,11,56,77,35,29,35,36,26,65,33,87,49,66,31,27,53,25,39,18,51,76,49,59,46,46,44,17,25
"gene399",98,148,168,221,161,187,177,140,155,110,169,125,146,77,153,138,114,126,110,201,313,164,192,142,137,112,111,150,101,181
"gene400",11,14,9,8,9,5,9,6,22,7,2,33,12,2,8,7,8,13,18,12,2,8,7,14,15,2,26,9,8,5
"gene401",4,2,6,6,18,2,6,3,3,10,2,1,0,1,4,13,2,4,5,5,8,1,4,2,10,4,5,23,8,8
"gene402",38,51,39,79,37,37,18,39,8,34,55,26,8,19,26,39,54,33,41,8,41,21,40,48,59,44,41,13,22,18
"gene403",96,308,96,72,87,141,201,226,132,162,143,176,111,87,236,63,77,174,138,151,235,161,163,156,198,93,181,132,144,249
"gene404",18,15,20,6,27,20,49,32,32,20,18,14,5,9,19,31,27,31,30,30,30,39,29,24,18,15,74,70,63,68
"gene405",0,0,0,1,0,0,2,0,0,4,6,0,0,0,1,1,1,0,0,3,2,9,5,0,0,0,0,0,0,1
"gene406",20,13,11,20,2,7,5,21,27,27,19,7,62,22,24,14,5,3,10,18,19,24,13,7,6,35,8,17,29,22
"gene407",49,32,30,13,20,56,33,34,45,15,23,48,16,20,22,23,58,21,24,34,42,30,27,26,33,24,34,17,17,26
"gene408",22,0,20,3,7,15,6,18,19,8,22,7,14,7,8,27,16,13,5,4,7,23,5,4,3,6,7,1,22,5
"gene409",1,5,8,0,0,0,2,14,2,8,5,3,7,6,4,1,5,5,12,3,9,2,0,1,1,8,1,1,3,3
"gene410",58,65,23,71,42,85,91,48,37,64,53,82,48,75,57,74,66,42,107,67,77,111,110,43,51,27,44,77,93,78
"gene411",9,4,2,4,0,6,12,14,0,2,1,3,4,2,2,6,0,11,2,0,6,2,3,3,3,5,1,4,2,0
"gene412",10,26,5,24,15,6,9,11,27,13,19,8,17,8,11,22,15,24,3,14,19,8,16,19,6,7,24,19,24,11
"gene413",130,77,81,49,20,80,76,60,128,72,114,55,44,119,93,59,47,50,73,98,91,96,28,86,41,66,100,82,147,133
"gene414",9,8,8,4,13,11,3,21,2,8,3,2,12,14,6,14,4,2,0,1,13,3,0,3,6,5,14,0,4,8
"gene415",23,75,36,79,26,34,27,38,6,33,5,15,41,25,37,11,36,61,46,29,31,32,18,62,22,29,38,28,26,30
"gene416",86,191,127,50,50,83,137,140,233,116,53,103,104,169,124,185,177,94,164,173,148,112,106,112,99,235,266,83,71,145
"gene417",16,1,2,2,4,9,0,0,0,3,4,1,6,1,8,2,0,8,7,5,7,3,1,11,3,2,3,7,24,23
"gene418",8,3,0,6,9,11,4,9,9,3,16,3,6,19,10,6,14,8,1,16,41,14,2,3,18,16,13,12,5,11
"gene419",3,0,14,0,0,3,0,2,0,0,1,0,0,0,0,0,1,0,0,0,0,1,0,0,0,0,0,0,5,0
"gene420",16,26,22,7,18,3,34,16,9,40,31,12,23,43,25,11,11,32,24,52,16,31,18,41,24,11,20,15,33,33
"gene421",164,229,234,181,421,228,345,153,219,248,227,142,222,239,187,170,212,257,462,278,310,160,305,288,283,299,402,246,218,123
"gene422",9,20,30,2,20,23,34,10,9,4,7,21,12,23,16,13,7,9,23,14,0,11,7,8,9,24,5,8,21,5
"gene423",164,409,764,375,640,573,419,416,476,300,250,264,455,279,568,480,551,564,498,773,253,362,310,320,279,291,378,378,619,327
"gene424",111,113,211,82,128,150,51,85,189,202,208,91,259,138,83,136,162,209,60,249,204,193,125,154,188,139,191,154,77,69
"gene425",15,20,3,3,16,16,11,23,19,17,11,38,11,7,7,20,12,7,6,9,2,8,17,2,8,4,1,2,11,14
"gene426",30,7,22,19,10,45,24,18,19,38,42,13,17,46,64,24,20,32,29,10,13,63,35,2,33,12,10,5,40,10
"gene427",30,3,16,12,24,20,18,21,32,22,34,10,22,46,10,17,12,11,11,46,13,36,23,15,39,21,26,30,15,45
"gene428",0,0,1,0,0,0,0,0,0,2,0,3,1,9,1,0,1,0,1,0,0,0,0,1,0,0,0,0,0,6
"gene429",0,4,2,0,5,7,8,1,11,4,3,11,1,4,0,1,0,14,11,5,7,4,0,0,6,17,7,0,2,4
"gene430",7,26,9,1,18,13,9,49,6,8,11,8,10,10,8,4,4,9,4,12,13,20,3,26,7,17,19,16,22,12
"gene431",1,20,25,5,7,15,5,1,15,3,3,22,17,17,7,5,16,5,10,1,4,7,5,5,18,6,7,0,0,13
"gene432",18,5,27,9,21,29,17,59,11,44,42,16,6,40,8,29,44,5,15,12,14,19,19,20,27,10,16,9,30,12
"gene433",4,4,34,22,1,11,3,21,1,14,4,18,14,1,1,17,3,5,10,6,23,7,14,4,0,14,5,12,14,4
"gene434",1064,856,1361,1640,1291,1375,727,1117,469,1072,1202,1138,1016,1020,662,851,560,431,607,1234,787,536,695,490,1036,575,823,310,397,912
"gene435",133,156,248,52,37,93,104,92,148,51,176,64,74,66,59,132,101,81,122,63,88,124,61,61,136,155,50,156,143,60
"gene436",19,8,10,15,8,1,2,14,2,9,10,7,15,2,8,8,14,1,6,11,6,9,15,14,1,3,1,11,3,1
"gene437",10,9,11,10,7,12,18,2,5,13,21,14,20,2,28,7,24,39,16,10,5,13,26,4,18,8,19,10,11,9
"gene438",58,82,42,27,55,44,39,34,32,43,27,32,44,79,53,33,37,44,44,41,63,50,96,36,47,33,17,77,31,76
"gene439",2,7,0,4,5,2,2,0,0,1,6,8,4,0,1,5,4,17,2,0,3,14,0,2,1,1,0,0,4,0
"gene440",131,89,126,80,69,135,86,180,187,152,150,56,149,174,129,173,99,94,120,174,178,180,140,74,108,157,119,117,107,87
"gene441",20,27,18,5,22,17,4,7,15,5,7,12,19,9,9,1,11,37,15,42,23,14,13,15,25,11,4,11,11,12
"gene442",56,9,47,21,36,50,36,33,59,28,44,35,45,58,44,29,26,21,22,28,47,27,75,61,50,51,28,38,37,55
"gene443",0,1,0,2,0,2,4,1,5,7,7,11,2,0,1,3,0,0,2,0,1,0,0,0,4,0,2,3,0,0
"gene444",2,6,12,1,4,18,4,4,3,7,12,18,4,9,7,5,1,4,16,8,7,0,8,6,6,15,3,0,20,16
"gene445",3,5,4,0,17,17,5,30,20,2,6,17,3,15,4,6,7,3,19,7,11,3,21,2,11,35,2,12,6,7
"gene446",233,197,116,105,296,172,142,182,101,217,171,239,166,169,111,155,204,255,138,144,248,168,182,314,218,283,180,298,173,235
"gene447",95,82,110,117,93,52,105,87,105,128,59,100,74,135,148,83,105,52,157,127,64,103,79,179,75,91,102,65,107,130
"gene448",53,0,9,14,27,20,29,15,30,12,21,26,54,17,19,48,4,46,13,21,14,29,36,24,22,27,42,11,35,37
"gene449",214,191,406,381,318,422,563,167,134,156,277,128,314,172,417,416,196,156,159,231,221,548,462,343,619,274,306,307,188,320
"gene450",1,13,12,13,3,0,0,4,1,22,4,16,4,1,1,12,2,5,0,0,7,13,22,5,2,13,6,1,10,1
"gene451",59,50,64,55,31,58,55,6,61,72,24,84,52,44,43,40,65,25,72,39,68,69,31,70,70,45,27,36,24,34
"gene452",60,84,63,61,98,49,44,65,37,30,80,67,56,105,88,73,25,72,108,83,65,24,30,83,60,151,63,45,50,28
"gene453",30,5,4,13,3,19,18,13,17,11,15,14,18,7,12,46,0,10,42,21,5,21,14,7,7,29,4,13,19,13
"gene454",43,27,21,17,36,47,12,32,12,46,11,10,48,42,32,15,36,26,13,25,13,38,28,41,10,22,33,43,24,27
"gene455",1,6,7,6,0,12,4,13,7,1,8,5,6,5,5,11,4,12,3,15,1,7,15,1,4,0,5,11,8,2
"gene456",40,30,16,42,45,17,29,73,11,51,15,51,19,38,15,20,11,45,61,29,20,31,24,38,12,31,38,62,35,50
"gene457",4,5,10,5,12,6,3,5,1,15,24,4,19,1,10,10,4,10,16,2,4,7,27,6,7,12,7,10,8,16
"gene458",0,0,2,0,18,0,0,6,0,1,7,7,0,1,0,0,0,1,0,4,2,0,0,0,4,0,1,0,0,0
"gene459",14,16,4,11,20,16,9,4,11,11,3,10,9,15,30,12,3,16,2,26,17,1,4,8,8,6,25,16,21,16
"gene460",115,31,17,51,59,29,41,16,21,31,25,16,36,44,21,30,32,54,48,52,28,28,36,51,13,6,24,31,18,40
"gene461",1,0,5,0,0,2,3,2,5,0,0,0,3,5,8,0,2,0,14,23,0,0,2,0,0,0,0,9,5,0
"gene462",4,17,21,14,5,9,6,7,8,12,8,33,7,7,6,16,9,26,12,5,6,4,13,27,11,10,10,5,3,10
"gene463",11,24,8,13,18,6,5,23,20,32,2,40,11,21,15,5,24,9,13,10,17,31,15,10,18,1,2,27,16,11
"gene464",14,31,3,8,2,0,20,13,46,15,2,8,2,10,13,3,7,22,14,11,21,14,2,11,7,2,14,2,5,54
"gene465",36,26,102,27,24,27,7,47,31,28,34,27,47,58,30,68,37,62,43,51,22,94,55,36,16,58,87,44,20,96
"gene466",33,36,81,86,56,64,71,60,30,39,53,65,107,30,47,47,64,78,35,23,51,24,73,38,62,22,46,34,28,115
"gene467",47,28,58,82,24,83,90,64,63,35,30,54,63,22,82,40,43,68,61,32,30,30,123,53,33,77,59,108,26,33
"gene468",182,332,144,222,179,191,234,145,256,125,330,88,135,251,230,158,252,135,238,172,206,177,232,108,112,196,149,194,166,300
"gene469",10,11,14,9,1,5,13,4,6,4,9,11,25,7,10,3,12,22,6,23,2,14,10,2,10,8,23,4,6,10
"gene470",16,11,31,6,20,35,18,14,10,21,17,15,24,19,18,56,44,15,7,22,5,27,15,41,20,19,30,4,10,20
"gene471",0,4,1,4,14,4,5,5,7,5,0,9,5,0,6,1,10,3,9,11,4,0,2,9,1,1,2,15,12,4
"gene472",19,13,27,17,9,8,8,9,8,23,7,14,6,7,7,16,13,13,7,7,5,24,18,5,8,38,23,12,5,15
"gene473",18,6,11,22,30,9,24,13,13,9,6,3,26,14,11,13,21,29,7,5,13,5,30,10,13,7,5,15,26,11
"gene474",13,30,29,34,25,33,37,11,21,44,33,49,22,79,16,52,42,30,63,39,32,61,41,45,41,7,32,6,47,33
"gene475",1,4,0,8,0,0,0,0,3,1,19,1,4,0,2,2,0,0,4,7,0,3,9,0,0,0,0,18,4,20
"gene476",18,11,8,5,9,5,6,13,12,10,4,3,15,6,5,17,8,3,1,9,30,4,5,1,2,23,3,0,7,12
"gene477",6,2,9,17,9,0,12,12,25,21,15,24,4,3,18,6,5,21,15,1,4,7,3,7,10,3,8,12,5,12
"gene478",7,3,1,0,0,2,1,0,0,1,6,4,1,4,4,4,7,1,1,3,0,5,0,2,1,3,8,8,9,8
"gene479",39,7,6,19,13,26,19,16,17,8,7,18,4,11,13,21,7,51,12,14,10,8,21,20,20,17,3,6,14,16
"gene480",40,56,98,44,36,34,49,36,78,35,36,89,42,74,64,65,63,47,32,51,22,71,53,46,40,76,30,60,48,44
"gene481",18,7,3,9,5,6,9,12,1,0,6,0,9,10,10,8,9,4,11,12,3,12,5,25,18,23,4,13,2,14
"gene482",44,49,78,97,34,108,57,114,77,61,30,106,105,61,70,74,68,82,118,68,67,78,92,44,68,68,48,46,79,50
"gene483",57,28,46,23,44,12,8,57,38,51,20,47,22,10,30,43,57,50,20,15,25,21,25,20,33,52,43,36,30,31
"gene484",43,3,10,10,1,1,1,1,19,15,7,1,16,4,4,35,10,5,11,6,12,5,20,6,1,25,4,17,27,12
"gene485",93,97,95,77,74,148,202,109,165,147,177,173,140,150,201,137,173,115,68,186,127,74,161,163,199,225,245,155,92,137
"gene486",2,0,0,0,0,0,6,3,0,0,0,5,0,1,0,1,13,0,0,0,1,1,8,0,1,0,0,0,0,0
"gene487",20,3,30,22,5,3,10,29,15,7,10,9,3,24,3,27,5,15,10,16,35,24,6,12,22,7,8,7,3,10
"gene488",6,36,44,17,32,25,33,18,16,27,46,30,14,46,16,18,6,31,6,43,31,17,18,24,47,8,11,29,11,29
"gene489",17,36,36,35,26,37,39,38,29,43,51,43,34,31,33,40,58,37,47,92,51,30,43,19,63,25,38,25,43,40
"gene490",0,5,3,6,2,6,0,5,0,3,0,2,2,14,2,7,4,15,0,0,0,3,2,1,0,2,3,1,1,1
"gene491",17,0,11,1,0,3,0,0,3,3,39,0,5,12,20,2,0,8,9,5,5,0,1,3,1,1,4,4,2,1
"gene492",37,5,44,6,13,6,20,11,10,2,4,3,7,2,4,4,3,6,9,7,15,7,4,12,16,0,0,7,5,9
"gene493",13,41,5,15,30,24,31,15,17,36,17,54,7,21,30,27,11,21,11,26,20,41,33,37,11,24,29,8,18,25
"gene494",14,38,18,39,5,10,19,15,5,0,18,5,28,6,13,8,19,19,18,11,15,27,2,13,17,2,35,20,32,36
"gene495",9,41,26,51,14,9,32,18,6,16,10,28,5,15,12,12,23,8,18,33,45,24,26,20,11,23,15,38,7,30
"gene496",38,2,15,12,44,13,27,30,14,27,12,31,22,66,30,53,52,6,26,47,37,10,22,31,20,20,8,22,48,9
"gene497",0,5,3,5,17,6,18,27,1,6,15,4,20,3,21,4,28,17,9,18,0,9,5,17,9,0,10,3,7,26
"gene498",0,24,4,8,1,3,1,16,25,6,3,14,1,5,5,1,14,11,21,1,18,5,11,14,13,11,0,0,13,5
"gene499",4,2,6,3,5,9,14,0,16,8,15,1,7,18,0,10,2,4,3,8,8,6,6,1,13,3,0,23,1,5
"gene500",17,14,38,48,48,7,70,36,67,14,46,28,21,27,46,41,31,21,49,44,34,52,30,30,68,42,69,19,66,19
"gene501",0,1,0,0,1,1,0,0,0,3,1,0,0,11,0,0,0,0,0,3,0,4,0,0,0,0,2,2,2,0
"gene502",25,49,62,121,34,78,66,176,65,38,59,110,156,99,48,41,70,160,52,50,46,70,60,71,126,15,71,39,65,45
"gene503",35,66,43,23,34,50,59,29,54,69,38,41,75,31,74,17,21,62,59,17,33,25,82,29,45,69,13,29,37,47
"gene504",128,64,39,51,68,78,155,34,45,53,40,37,92,64,95,41,68,65,47,68,90,60,23,8,49,99,37,27,48,66
"gene505",3,24,27,18,13,12,20,8,21,21,26,22,14,21,22,14,29,30,7,14,13,52,42,10,9,37,19,34,19,50
"gene506",74,52,112,43,64,47,39,47,72,75,50,54,91,53,75,54,44,66,39,63,34,104,122,46,44,90,66,59,40,71
"gene507",4,3,3,4,6,11,2,1,4,1,30,9,5,9,2,10,11,1,25,4,15,12,11,11,1,23,1,0,1,5
"gene508",28,23,30,13,28,18,9,43,34,11,46,14,13,21,25,6,28,58,22,30,42,18,33,55,38,8,38,38,23,36
"gene509",25,18,18,50,34,63,74,32,32,56,21,47,27,23,46,48,41,40,53,53,74,37,55,45,32,31,58,11,86,24
"gene510",5,2,12,0,7,6,0,3,4,18,6,12,17,14,9,7,4,1,4,0,1,4,3,6,3,5,12,0,0,2
"gene511",358,268,395,596,326,337,201,300,416,263,439,439,417,304,466,449,431,248,291,310,353,316,466,409,223,371,593,193,665,510
"gene512",170,35,265,129,155,271,236,349,158,230,180,237,138,149,250,153,203,123,263,292,129,177,334,272,254,173,251,171,92,320
"gene513",163,254,170,282,207,164,385,305,190,254,271,280,195,109,223,298,181,287,254,184,145,171,205,195,384,213,376,340,263,331
"gene514",0,0,0,0,0,0,1,0,0,0,2,1,0,0,0,0,0,0,0,0,0,0,0,0,0,0,0,0,0,0
"gene515",2,0,3,1,3,8,8,5,0,9,17,6,6,15,4,0,7,17,1,2,2,0,1,1,3,2,12,10,5,9
"gene516",12,23,14,14,14,8,6,9,22,23,9,35,26,15,11,20,10,34,6,7,24,20,21,6,11,18,10,6,22,24
"gene517",1,7,21,5,0,6,7,3,5,4,9,1,6,0,0,4,0,1,9,7,11,4,3,0,1,2,0,2,16,0
"gene518",0,1,1,0,1,0,0,0,0,0,0,0,0,6,0,2,0,3,0,0,7,10,1,0,0,0,0,0,2,0
"gene519",0,0,0,0,7,2,2,4,2,1,3,8,1,0,2,4,1,2,0,0,0,0,0,9,3,4,2,0,0,1
"gene520",10,1,4,2,14,26,6,7,7,2,5,1,0,7,10,0,8,17,10,6,0,5,6,23,27,4,1,2,2,1
"gene521",3,6,21,5,1,16,7,12,6,2,8,27,12,10,10,4,4,32,5,9,5,10,16,11,11,15,11,14,18,3
"gene522",0,2,1,1,0,3,1,0,0,0,0,12,0,0,2,0,0,1,2,0,1,0,1,0,0,1,0,0,1,1
"gene523",1,3,0,0,1,0,1,0,2,0,2,0,0,0,1,0,8,0,0,0,3,0,3,0,2,0,0,4,0,0
"gene524",34,15,8,15,40,25,15,16,15,25,7,15,27,18,27,21,38,11,22,33,8,17,10,20,34,11,14,23,17,6
"gene525",0,0,0,0,0,1,0,0,0,1,0,0,0,0,0,0,0,0,0,0,0,0,0,1,0,0,2,1,0,0
"gene526",2,4,1,2,0,5,4,5,0,0,0,0,1,0,0,0,0,0,1,2,9,0,1,1,1,4,1,0,0,0
"gene527",1,0,1,5,0,2,9,2,1,0,0,1,3,10,4,0,5,3,1,10,3,3,4,0,2,0,7,1,0,2
"gene528",15,28,11,18,8,9,12,18,17,21,14,12,5,9,15,18,11,20,42,5,28,18,36,30,13,11,19,23,18,23
"gene529",8,2,1,8,2,3,3,1,4,3,0,2,12,2,1,4,0,1,8,1,2,12,2,8,10,1,2,30,7,6
"gene530",18,7,0,3,1,6,6,2,7,9,1,1,4,1,7,0,4,5,1,0,3,1,6,0,5,8,0,9,1,2
"gene531",71,53,34,60,42,114,38,17,96,55,98,54,91,57,32,51,99,23,42,60,55,65,25,28,56,42,21,17,46,22
"gene532",50,51,20,24,5,9,14,10,15,17,13,22,27,30,51,25,41,11,10,23,17,38,19,23,37,26,29,42,10,30
"gene533",36,26,12,12,14,10,14,3,3,1,9,9,1,8,11,10,12,3,2,2,10,6,4,0,2,12,5,11,11,1
"gene534",1,9,16,4,13,13,14,22,14,4,6,1,6,2,5,0,7,8,4,11,1,6,14,6,7,11,5,29,4,6
"gene535",16,11,22,89,31,26,60,53,2,18,42,73,9,44,15,56,20,26,31,15,29,17,15,96,13,43,60,34,29,14
"gene536",0,4,0,4,1,10,2,15,2,0,5,0,9,26,2,9,3,0,0,6,0,4,0,2,0,5,0,1,1,0
"gene537",119,63,190,87,81,141,47,48,87,57,89,96,64,75,75,214,50,92,34,125,119,105,43,95,84,116,47,48,63,70
"gene538",6,3,1,9,2,2,14,3,8,3,2,8,0,6,2,1,7,3,3,5,0,0,5,0,1,3,0,5,0,7
"gene539",22,13,36,1,8,32,30,16,16,34,21,17,15,8,15,13,47,7,16,7,13,23,7,18,22,24,34,17,19,28
"gene540",1,0,2,0,1,2,1,6,4,4,1,0,0,4,1,0,0,0,8,0,0,25,0,0,1,5,0,0,1,1
"gene541",14,26,3,25,39,14,33,16,11,27,22,57,45,16,30,54,46,11,40,17,25,56,8,24,18,20,28,25,16,64
"gene542",4,10,3,23,14,8,23,6,39,21,17,16,12,27,21,48,25,31,7,14,11,20,18,24,12,16,10,26,15,21
"gene543",76,64,11,35,35,21,25,56,31,49,34,35,29,31,62,33,48,51,50,25,36,29,43,91,31,43,23,35,24,14
"gene544",32,38,26,48,46,75,70,26,16,13,50,55,39,20,36,56,38,19,36,53,34,50,42,37,11,59,25,22,19,19
"gene545",8,6,21,13,12,13,7,5,13,18,9,3,3,15,12,11,0,31,8,14,6,27,19,15,16,15,16,3,8,23
"gene546",4,9,5,14,18,5,2,9,18,8,7,24,18,14,6,13,7,1,1,30,4,37,12,12,11,5,11,6,10,0
"gene547",16,8,24,37,18,18,24,30,8,9,8,47,17,28,8,30,22,11,8,14,30,9,25,52,21,13,29,16,29,22
"gene548",40,40,23,23,26,17,23,33,28,27,52,19,28,31,18,15,39,19,67,22,22,30,29,35,46,41,25,66,28,52
"gene549",0,0,3,4,1,2,0,2,4,0,3,5,0,0,0,0,0,0,3,3,0,6,0,0,0,1,4,5,0,0
"gene550",2,0,13,0,6,0,0,4,11,2,2,2,3,1,1,0,15,0,7,4,5,11,0,3,0,0,0,6,0,11
"gene551",9,23,43,9,6,24,21,14,6,6,56,15,26,30,42,3,4,36,35,13,52,11,16,18,41,26,51,27,34,17
"gene552",11,16,19,23,21,0,1,12,14,9,11,16,20,5,16,20,11,7,11,14,1,11,11,28,30,6,20,5,4,57
"gene553",24,0,1,20,5,41,39,12,10,3,16,3,1,4,0,8,2,4,24,9,7,0,15,9,5,5,7,12,9,6
"gene554",4,7,9,5,20,16,29,5,12,6,19,17,1,18,6,33,7,31,18,22,13,14,16,16,24,19,7,8,19,2
"gene555",2,0,9,2,3,3,7,8,11,7,7,20,0,24,7,7,7,8,2,1,3,1,0,2,1,0,5,5,0,8
"gene556",13,7,10,0,2,1,0,5,0,3,3,13,0,0,2,2,3,0,3,5,4,8,1,7,5,0,2,3,0,1
"gene557",46,23,111,38,60,34,56,43,43,39,34,32,56,49,55,53,13,43,57,56,35,28,38,48,48,54,52,52,69,30
"gene558",85,93,71,87,63,72,80,82,53,38,76,67,62,122,73,98,75,74,89,74,50,95,87,52,65,114,64,99,59,125
"gene559",73,94,45,45,20,88,64,72,74,76,29,98,45,46,52,34,76,30,28,25,61,24,67,21,54,76,86,35,56,69
"gene560",0,1,6,17,10,14,20,2,10,12,1,6,11,5,3,5,22,12,4,5,4,0,13,0,13,14,8,0,9,12
"gene561",73,23,67,75,51,20,28,74,39,176,85,46,48,59,88,121,51,29,72,41,73,54,34,41,48,59,79,38,40,70
"gene562",24,21,21,21,16,25,64,21,11,25,8,22,43,14,11,23,31,30,18,49,15,46,16,32,32,33,38,13,46,48
"gene563",1,0,4,0,0,2,1,0,0,2,1,0,2,0,0,2,1,0,0,0,1,3,0,0,0,1,0,0,2,12
"gene564",212,203,285,317,312,167,364,200,253,166,331,210,226,363,219,247,250,400,299,360,251,313,229,317,279,211,272,178,96,340
"gene565",126,74,97,96,85,55,48,109,58,101,126,80,148,69,94,78,88,68,152,110,113,92,79,72,62,84,41,87,88,114
"gene566",0,1,0,4,0,2,0,4,0,0,13,0,0,4,0,1,1,0,5,0,4,0,8,8,0,0,2,0,1,3
"gene567",6,2,12,2,3,3,0,0,0,9,0,6,18,1,14,19,5,3,2,5,5,5,0,10,0,8,0,10,7,1
"gene568",7,3,6,4,0,2,6,19,0,8,10,11,14,15,8,0,16,20,8,0,11,2,3,9,0,6,7,0,1,8
"gene569",63,26,91,23,27,44,61,45,25,23,32,46,16,39,20,38,11,45,12,48,15,29,18,12,47,52,22,45,32,44
"gene570",28,53,15,28,80,65,51,21,82,44,35,25,102,46,45,45,28,100,52,20,80,37,111,46,44,28,15,89,33,46
"gene571",10,15,44,35,12,33,35,53,31,12,7,35,14,24,30,12,16,17,39,25,21,41,31,20,48,35,47,31,11,31
"gene572",0,0,0,15,0,0,1,4,1,1,3,6,0,0,3,0,8,3,11,1,3,0,0,1,2,1,2,0,2,18
"gene573",6,30,13,6,23,4,24,32,11,11,13,17,34,26,3,17,17,7,12,11,13,22,10,4,11,18,15,15,20,20
"gene574",26,37,30,26,16,25,34,34,117,29,40,32,62,25,37,77,12,57,31,29,51,25,61,48,41,62,36,60,74,58
"gene575",8,30,42,16,43,27,21,2,11,17,24,25,24,30,6,10,10,22,27,22,8,15,6,10,3,31,38,9,14,25
"gene576",3,0,0,0,6,5,0,0,0,2,0,0,1,0,1,2,0,0,0,1,0,5,0,0,1,5,0,2,1,8
"gene577",9,20,11,12,6,8,0,0,0,3,7,8,1,0,3,7,8,6,7,3,6,7,0,9,6,3,8,2,1,16
"gene578",230,337,277,354,114,136,311,232,272,104,159,291,78,221,153,218,130,287,70,258,307,149,283,304,294,177,143,187,231,286
"gene579",34,30,16,21,11,17,8,8,14,13,19,7,5,5,17,34,20,25,12,11,8,31,7,13,12,4,5,8,27,21
"gene580",7,37,29,11,13,17,12,9,14,24,29,14,14,12,25,18,15,24,62,21,32,19,8,39,24,50,22,21,12,23
"gene581",8,5,23,10,20,6,28,16,8,24,15,21,14,20,19,20,50,17,11,15,23,20,12,13,21,16,8,10,16,9
"gene582",48,106,49,43,115,54,93,42,38,34,88,57,123,37,45,119,64,67,107,89,85,45,93,127,31,193,78,66,87,52
"gene583",13,9,1,3,11,11,12,14,4,11,5,10,11,6,10,12,2,6,8,7,3,10,4,20,6,2,8,13,3,7
"gene584",19,19,16,39,21,19,33,30,43,44,37,20,19,39,4,26,10,17,21,20,24,10,11,16,61,45,41,14,4,11
"gene585",19,12,6,35,9,31,5,16,18,32,33,22,16,29,33,7,12,21,19,34,4,34,20,20,7,26,3,20,4,11
"gene586",97,235,107,154,129,194,173,98,202,166,168,224,140,169,110,108,149,127,182,89,128,134,138,51,134,117,163,149,106,116
"gene587",0,0,1,3,0,0,0,10,0,0,0,1,3,0,5,0,2,0,0,0,0,2,0,3,0,0,0,0,2,0
"gene588",8,4,15,0,11,2,14,15,2,15,19,3,15,10,6,9,6,3,2,18,9,23,13,12,5,9,2,5,7,18
"gene589",5,2,1,7,8,8,0,4,1,6,2,14,1,14,2,5,2,9,5,10,20,10,4,0,7,3,8,1,5,10
"gene590",35,16,9,15,28,25,34,41,52,23,44,13,54,11,16,6,13,23,22,17,22,32,19,17,13,8,19,12,21,23
"gene591",312,637,161,223,396,302,479,246,413,301,402,248,468,299,320,429,539,389,398,217,437,120,617,264,301,366,124,362,502,465
"gene592",18,2,6,9,7,10,3,27,3,8,15,1,8,1,10,8,11,1,2,0,2,16,7,12,4,6,10,5,6,18
"gene593",6,7,11,2,4,4,7,12,8,7,8,17,5,13,18,9,1,8,16,8,6,33,7,12,7,31,7,7,18,7
"gene594",15,30,18,19,39,92,25,18,18,37,21,28,7,25,84,33,23,11,31,29,25,38,54,19,32,72,12,32,40,41
"gene595",0,11,9,19,10,9,10,7,6,1,14,17,0,22,14,26,2,3,36,15,21,5,11,15,2,12,4,0,1,1
"gene596",528,404,317,856,318,182,334,264,377,250,959,227,388,445,567,395,619,495,363,296,394,432,573,415,617,290,599,272,389,465
"gene597",8,12,9,24,14,8,2,11,6,34,14,5,9,6,18,3,44,4,16,5,7,10,20,8,12,18,8,6,4,6
"gene598",0,5,0,5,10,3,3,25,6,2,1,10,5,4,5,1,1,9,3,1,3,1,8,1,5,3,1,3,11,0
"gene599",118,58,75,60,112,119,79,108,76,121,40,95,72,119,75,93,96,55,103,124,123,102,133,160,72,57,40,128,63,111
"gene600",71,57,63,41,136,82,30,74,52,57,70,45,77,52,125,45,100,68,43,77,52,79,49,60,72,80,64,76,80,63
"gene601",7,20,19,16,44,10,15,7,13,24,13,7,9,8,12,3,23,3,10,9,6,26,25,42,19,13,26,35,13,9
"gene602",10,11,7,22,6,28,25,4,21,37,26,37,49,23,19,12,29,27,26,19,27,6,18,20,43,16,14,14,17,35
"gene603",9,27,40,33,29,74,13,17,44,14,13,50,24,23,13,24,13,4,36,8,33,29,9,28,34,26,16,34,5,31
"gene604",7,28,21,1,6,11,16,8,13,12,9,0,1,27,17,7,2,6,7,2,8,15,10,2,38,2,15,9,6,20
"gene605",47,46,41,45,24,43,71,26,31,30,25,48,38,39,34,63,58,27,54,27,69,32,79,59,28,11,48,48,41,49
"gene606",4,1,3,2,5,7,2,11,3,19,2,5,5,1,5,5,15,6,1,1,18,2,2,1,19,4,5,13,10,2
"gene607",1,3,1,4,7,0,0,9,2,2,10,0,3,23,4,11,1,12,13,8,6,2,0,13,2,0,0,4,3,0
"gene608",3,10,0,25,8,0,5,7,21,0,5,0,6,0,0,0,8,9,9,4,5,1,9,1,1,5,8,11,3,2
"gene609",28,3,9,4,17,4,8,11,8,8,10,4,0,1,10,14,15,22,11,6,4,7,7,7,5,14,8,2,12,15
"gene610",1,2,4,0,2,0,2,0,3,7,0,4,0,6,3,2,2,3,8,3,1,3,5,20,1,2,7,4,3,4
"gene611",6,7,18,8,19,5,8,1,14,31,12,15,2,10,14,7,8,11,11,4,16,42,8,4,16,16,4,16,12,18
"gene612",3,0,1,0,4,13,6,5,4,10,20,1,1,21,12,1,2,8,17,11,12,21,4,3,1,11,1,4,7,9
"gene613",31,13,1,3,12,3,7,9,4,6,7,18,5,9,0,5,10,6,10,8,3,6,4,1,6,8,15,10,6,7
"gene614",105,67,54,73,62,104,140,38,34,102,115,64,69,76,92,84,122,102,89,38,52,42,116,59,65,53,104,58,86,82
"gene615",13,11,50,15,8,31,22,7,16,18,4,5,11,14,23,25,2,8,16,16,15,6,2,17,16,13,11,14,44,11
"gene616",6,20,18,30,40,10,32,19,12,37,12,25,18,14,48,24,9,12,27,15,17,20,43,32,28,27,14,28,35,25
"gene617",10,36,29,54,43,63,37,44,62,61,42,42,39,48,28,15,52,36,39,44,66,35,11,45,71,39,57,22,49,42
"gene618",0,0,0,0,0,0,12,4,0,3,0,6,1,11,0,1,1,1,1,1,5,0,0,4,5,4,0,0,3,1
"gene619",78,31,67,44,48,56,67,72,36,47,116,56,35,110,21,42,82,37,126,103,70,97,99,51,98,89,51,47,58,59
"gene620",7,27,1,1,4,0,2,3,7,2,1,4,0,6,1,5,16,3,0,9,2,0,6,0,7,13,1,19,3,5
"gene621",7,12,2,1,5,8,5,9,16,27,8,13,43,5,15,18,12,16,9,2,18,2,3,17,12,4,3,0,13,8
"gene622",19,39,3,10,9,31,27,19,12,12,16,7,17,22,11,15,17,39,16,29,60,30,32,12,22,46,19,15,10,9
"gene623",157,118,160,175,113,125,135,150,123,84,106,166,168,193,135,144,195,95,142,124,83,169,113,210,94,122,83,75,93,124
"gene624",0,0,0,0,1,1,0,0,0,0,0,0,0,0,2,9,0,0,0,0,0,0,2,0,0,0,0,0,0,0
"gene625",41,41,57,65,21,52,47,36,56,18,35,74,24,20,25,44,14,18,26,51,27,40,14,35,46,89,67,30,43,33
"gene626",40,17,29,36,66,31,12,25,26,3,17,16,24,12,14,13,15,6,20,27,11,22,47,16,24,13,34,12,30,7
"gene627",5,12,21,18,10,8,9,36,7,15,12,39,10,10,12,20,10,14,7,10,14,14,6,31,12,17,7,19,11,16
"gene628",21,18,21,6,11,8,7,8,0,5,7,2,1,1,13,4,9,2,12,1,4,2,5,14,22,16,7,1,5,8
"gene629",24,4,28,39,30,34,46,60,13,28,41,19,47,42,80,80,29,27,6,35,38,58,45,35,29,38,58,57,39,70
"gene630",3,8,5,4,15,2,2,1,10,1,1,0,6,3,1,5,8,12,23,2,7,13,7,3,24,5,2,0,4,5
"gene631",9,32,19,18,29,39,16,62,24,58,35,41,34,41,15,40,88,28,41,67,18,25,34,33,19,38,42,36,31,104
"gene632",7,30,9,26,31,19,11,13,18,11,38,30,29,9,16,17,16,6,45,23,10,16,30,35,45,29,25,22,17,9
"gene633",31,91,98,60,57,112,64,138,193,71,114,82,87,135,96,214,148,92,87,38,58,100,24,92,116,121,150,37,92,55
"gene634",2,14,7,2,4,0,26,2,4,14,1,2,3,0,1,18,0,1,1,1,7,1,3,0,7,2,2,10,4,2
"gene635",16,44,48,5,51,26,16,26,19,17,25,33,39,24,19,40,32,19,44,52,40,11,48,40,28,41,28,31,34,7
"gene636",34,13,57,28,26,37,13,12,30,24,69,26,43,24,16,40,16,45,31,16,37,39,53,57,65,20,65,17,18,38
"gene637",1,9,7,9,4,5,0,2,2,8,3,3,6,6,0,10,2,5,2,6,5,0,2,5,1,6,39,6,6,0
"gene638",90,179,147,113,189,264,243,72,185,154,123,108,108,223,69,216,116,95,183,253,215,119,135,207,126,116,180,104,100,119
"gene639",92,79,34,36,54,45,54,106,42,52,53,42,70,38,21,111,39,58,21,71,38,25,60,48,75,93,89,60,32,44
"gene640",0,16,10,14,11,13,8,0,5,6,5,4,3,12,3,3,14,9,2,4,13,6,28,5,2,17,7,2,2,2
"gene641",25,40,37,21,16,8,23,26,11,12,14,17,10,25,18,29,35,17,13,16,12,45,23,7,44,21,27,15,18,39
"gene642",41,72,24,39,47,70,13,73,68,67,64,57,56,75,36,40,50,51,56,48,66,35,83,56,44,80,73,26,39,98
"gene643",3,1,31,28,3,3,19,1,9,2,8,19,10,15,10,19,5,4,8,25,3,14,0,42,8,2,2,21,16,11
"gene644",15,8,3,11,14,23,18,5,18,19,10,27,2,17,21,24,27,7,12,23,24,46,14,8,14,10,3,25,20,24
"gene645",22,64,17,31,52,23,20,36,66,26,57,44,72,27,42,24,28,34,79,29,55,27,33,38,57,69,15,7,56,25
"gene646",4,20,10,23,35,27,27,11,23,35,27,3,17,12,4,26,26,11,18,10,29,20,23,57,10,15,26,20,3,12
"gene647",16,6,3,14,8,2,3,26,22,0,6,13,17,21,7,7,14,8,43,10,9,10,0,3,9,12,7,9,5,13
"gene648",5,6,44,8,1,22,2,4,5,7,22,2,27,26,5,13,23,7,2,17,11,19,26,4,1,19,5,6,5,10
"gene649",29,43,34,18,11,29,39,63,52,39,24,62,60,36,37,30,12,56,21,18,59,15,52,34,31,33,27,16,38,34
"gene650",31,13,29,39,29,56,16,28,34,23,24,27,33,37,23,46,45,38,28,39,60,36,53,43,19,18,19,21,20,25
"gene651",11,0,4,22,39,8,34,9,10,38,29,7,6,5,26,10,3,23,25,23,7,17,43,7,16,5,27,18,21,40
"gene652",197,89,82,114,158,97,126,109,156,103,75,108,125,27,146,104,123,158,94,118,111,126,132,171,178,118,128,72,53,95
"gene653",174,396,493,394,301,355,245,249,274,324,225,437,158,312,359,484,402,227,338,368,364,222,272,356,488,206,503,266,393,281
"gene654",10,0,8,8,22,2,25,6,2,0,3,2,14,13,15,31,2,7,5,1,19,3,12,4,4,20,2,6,24,1
"gene655",11,18,34,19,51,35,8,38,80,37,19,16,8,10,24,30,20,8,5,47,3,42,52,35,50,36,11,51,20,17
"gene656",242,223,339,316,302,149,224,220,107,270,251,280,203,291,286,173,175,208,72,304,146,275,273,304,313,252,360,394,208,408
"gene657",32,29,23,27,21,29,12,13,16,34,5,18,20,21,31,14,13,33,40,14,43,10,29,27,21,4,16,6,36,1
"gene658",124,151,156,121,90,91,84,105,162,241,169,95,208,135,78,111,104,195,121,195,146,223,113,93,58,179,216,239,281,83
"gene659",139,146,173,584,253,158,114,130,195,158,98,243,184,108,208,122,287,228,84,191,122,142,202,197,166,153,155,140,211,109
"gene660",53,87,177,75,157,131,182,107,90,168,240,119,75,210,244,222,61,153,303,141,214,81,145,94,130,87,89,135,308,185
"gene661",9,8,8,2,28,5,9,14,0,7,20,8,32,9,17,8,40,35,20,13,6,12,10,10,19,4,14,3,24,9
"gene662",4,41,32,7,6,33,20,32,11,37,56,38,6,31,16,7,8,23,43,4,7,27,14,21,15,21,15,8,9,22
"gene663",9,4,5,8,8,8,35,12,8,6,0,5,2,4,4,13,3,6,11,3,5,8,8,4,4,0,11,7,6,1
"gene664",8,18,1,1,0,12,8,8,7,2,1,8,1,9,1,1,6,3,8,10,10,3,2,0,0,7,2,16,2,3
"gene665",0,0,4,12,1,0,2,0,0,1,0,7,5,2,2,17,9,1,1,3,2,0,0,0,0,3,3,3,10,2
"gene666",2,14,15,16,14,7,24,4,11,47,2,5,12,18,11,11,14,23,12,3,37,5,32,15,16,10,2,6,29,12
"gene667",69,49,88,84,54,85,64,72,79,57,63,36,49,151,106,72,79,57,67,38,64,39,42,53,84,112,104,82,106,30
"gene668",9,6,4,13,11,11,9,4,12,14,8,20,6,11,17,3,5,2,3,4,6,5,4,11,11,20,12,3,3,9
"gene669",0,3,8,2,6,2,10,10,1,2,0,3,3,5,6,19,5,2,2,3,1,1,10,3,8,11,13,5,3,19
"gene670",11,7,1,21,8,5,4,7,21,9,2,0,3,12,3,20,5,19,11,23,9,1,4,0,3,0,4,31,3,0
"gene671",13,16,1,12,12,4,12,20,7,19,12,5,30,14,20,7,21,18,13,46,3,32,20,23,39,21,7,13,12,36
"gene672",44,41,63,38,81,49,46,50,83,62,46,34,69,41,63,94,50,66,45,34,20,11,25,31,58,18,49,32,58,63
"gene673",494,324,286,469,483,871,394,637,344,369,467,337,469,700,527,457,501,410,524,384,380,280,713,318,328,525,383,456,501,168
"gene674",10,20,10,5,1,8,6,1,5,0,1,9,2,0,2,4,13,8,11,1,0,8,11,2,4,10,1,0,10,16
"gene675",5,29,3,14,34,3,31,28,24,15,9,6,2,7,23,36,21,11,46,15,10,10,30,39,40,21,27,10,2,15
"gene676",0,11,0,0,3,2,1,13,0,6,1,4,8,1,1,0,2,0,13,1,0,2,3,3,2,1,0,4,2,0
"gene677",49,38,57,82,19,65,22,42,79,29,38,29,62,44,62,71,31,47,25,34,42,62,67,47,73,46,47,93,95,54
"gene678",0,0,3,0,1,16,2,5,0,3,0,8,0,1,0,0,0,1,0,4,6,3,0,0,7,1,1,1,0,7
"gene679",0,0,7,1,1,1,3,7,1,0,0,0,0,0,0,0,0,5,1,0,0,0,2,0,12,2,2,11,2,0
"gene680",0,3,0,0,0,1,0,0,0,0,3,0,1,0,1,0,0,0,9,0,0,2,0,15,5,1,0,1,0,11
"gene681",23,40,26,47,23,30,65,31,29,59,37,20,17,39,64,27,39,35,62,107,44,13,24,56,38,9,47,20,43,42
"gene682",7,21,21,25,10,44,57,78,23,22,30,22,29,28,17,13,53,41,24,28,20,17,21,22,36,41,49,26,27,67
"gene683",2,21,3,3,10,3,2,8,4,12,5,6,8,8,11,5,10,6,10,15,1,15,10,9,26,1,6,3,23,16
"gene684",86,34,42,93,34,42,33,56,30,21,62,3,23,35,51,88,10,39,38,25,25,58,46,52,82,24,39,59,27,28
"gene685",44,12,3,20,3,9,0,20,5,11,6,10,28,12,15,6,11,14,5,15,14,7,12,6,10,17,5,13,13,13
"gene686",9,19,16,30,2,8,25,6,22,5,4,29,19,20,5,21,12,12,15,6,13,39,16,3,8,17,68,10,2,2
"gene687",12,10,9,10,12,8,4,13,5,13,4,7,5,23,14,8,9,3,30,5,2,18,8,10,10,12,7,4,11,9
"gene688",5,8,18,5,3,3,1,3,4,9,0,7,10,15,8,10,6,1,10,14,12,3,1,6,3,1,1,18,7,18
"gene689",0,0,0,0,0,0,0,0,2,0,0,0,0,2,0,0,0,0,0,0,2,0,0,2,0,0,2,0,0,11
"gene690",6,25,1,8,9,12,7,10,13,16,13,8,12,3,27,1,18,11,18,19,8,28,12,18,4,20,11,15,18,8
"gene691",20,28,24,38,44,39,16,21,43,21,18,32,41,32,23,40,21,51,39,48,26,52,8,22,17,15,16,59,17,33
"gene692",0,1,8,0,0,10,4,2,5,6,3,0,1,0,7,0,0,4,4,19,0,2,0,0,8,9,1,2,3,2
"gene693",12,3,3,31,6,19,15,18,12,30,28,2,16,5,11,33,4,11,12,18,21,17,14,10,16,8,7,20,25,18
"gene694",15,27,13,43,7,13,17,15,17,20,39,40,23,6,16,17,8,18,24,28,34,18,29,21,27,14,10,30,18,2
"gene695",62,41,62,60,53,42,68,66,55,48,115,44,139,26,46,57,57,89,62,79,45,98,95,75,45,44,30,64,38,57
"gene696",17,14,29,22,33,10,52,11,1,13,23,14,9,2,30,39,18,14,20,24,38,30,37,18,10,16,22,34,26,9
"gene697",34,10,12,2,5,5,4,2,13,16,8,22,5,22,18,29,8,23,8,16,13,15,4,2,10,15,23,8,11,16
"gene698",11,10,12,23,15,15,26,7,13,43,8,2,9,13,13,34,27,13,32,28,9,13,28,8,22,24,1,16,7,9
"gene699",52,53,72,62,85,148,43,72,68,48,47,49,61,65,31,62,66,98,47,22,112,110,31,41,54,46,59,41,63,81
"gene700",8,15,13,15,33,13,9,15,24,22,58,13,32,23,28,13,2,30,30,8,38,16,30,14,13,18,28,42,32,16
"gene701",13,27,14,6,17,22,37,20,56,13,56,24,31,13,25,25,28,24,40,21,29,26,20,31,45,19,19,26,47,22
"gene702",33,64,39,65,42,25,35,64,43,53,7,16,29,32,28,23,18,38,36,10,68,18,36,48,18,27,49,69,20,13
"gene703",4,0,4,3,0,1,0,4,6,1,1,0,4,3,3,7,13,2,0,1,0,3,0,9,2,6,1,1,2,5
"gene704",2,7,0,16,0,0,3,0,5,0,1,21,5,3,1,3,0,13,0,1,7,5,4,10,4,2,2,2,2,1
"gene705",19,7,23,11,2,13,4,3,7,16,9,3,6,6,5,7,8,1,13,8,4,22,4,21,10,5,16,11,9,6
"gene706",209,160,157,138,113,228,76,133,119,196,61,80,185,99,131,143,116,192,166,141,108,125,92,198,126,95,78,139,151,246
"gene707",47,26,22,27,41,26,19,43,31,28,53,18,32,21,20,13,53,37,22,41,59,9,78,7,40,29,22,33,25,53
"gene708",8,24,6,24,21,1,10,3,2,2,6,6,2,1,0,3,3,15,8,7,10,17,7,8,3,12,2,12,11,5
"gene709",4,6,20,10,18,4,15,32,30,15,8,5,2,17,11,15,12,23,30,16,12,5,4,33,18,9,13,46,10,4
"gene710",413,249,120,281,297,221,172,211,170,139,242,147,255,185,272,172,246,251,194,267,256,340,364,111,167,217,183,249,73,338
"gene711",2,4,5,28,11,13,8,1,0,5,10,10,7,8,12,2,5,0,5,2,5,0,16,11,9,7,15,10,10,10
"gene712",37,69,146,68,53,64,51,92,92,61,56,91,48,49,33,81,73,46,60,103,66,78,59,71,62,36,43,88,44,36
"gene713",3,0,0,0,0,1,1,3,0,0,1,0,10,7,0,1,0,2,7,0,1,1,3,1,0,0,2,3,3,4
"gene714",123,109,100,167,99,103,76,99,133,110,120,76,113,155,190,147,95,139,111,101,153,163,135,82,56,99,172,102,179,148
"gene715",3,5,14,0,0,0,8,6,8,1,4,0,0,0,0,0,5,9,6,1,0,6,0,0,0,4,5,4,0,2
"gene716",5,24,39,11,27,15,3,15,51,23,6,11,8,15,25,16,20,49,25,29,12,6,3,21,8,10,18,10,11,26
"gene717",8,16,9,10,17,28,9,3,13,13,14,21,4,13,2,2,12,2,20,10,4,7,4,29,13,31,5,15,2,12
"gene718",16,5,5,8,22,3,15,6,5,13,9,7,1,0,6,4,4,5,9,3,0,11,9,16,3,6,7,13,11,7
"gene719",304,425,172,104,279,397,301,364,204,280,551,284,216,346,196,340,308,374,340,560,169,428,243,519,171,324,544,449,238,250
"gene720",17,5,24,50,4,13,12,5,7,25,27,7,21,7,17,20,0,8,24,10,28,7,6,3,1,6,6,30,5,16
"gene721",43,50,52,57,91,58,58,72,49,51,88,61,31,69,67,49,97,23,70,31,58,53,27,14,64,53,22,64,31,24
"gene722",17,5,8,1,0,7,0,2,10,7,14,22,4,16,5,5,3,10,6,28,10,5,2,8,7,5,4,15,3,0
"gene723",21,35,17,35,13,44,13,38,54,22,57,18,39,32,34,21,26,42,25,7,18,37,37,39,22,51,29,47,13,32
"gene724",28,33,14,17,38,64,10,41,34,18,14,41,21,16,8,34,19,18,27,32,31,46,24,35,9,10,63,22,48,22
"gene725",79,96,44,75,47,62,59,66,68,42,49,42,62,72,79,83,23,59,90,86,60,46,88,37,65,51,31,35,26,53
"gene726",1,4,29,8,5,5,11,4,19,6,16,10,19,0,10,11,1,6,10,4,5,9,2,3,7,15,1,8,18,6
"gene727",12,12,14,53,14,21,24,15,26,55,22,6,7,14,13,6,17,24,25,25,14,8,25,8,18,34,9,30,16,21
"gene728",6,18,17,5,14,16,0,6,12,12,22,14,0,14,27,6,15,34,20,5,30,10,11,8,8,15,1,2,15,6
"gene729",2,0,1,0,0,0,0,0,2,0,0,1,1,0,6,0,2,20,0,0,1,0,3,0,0,0,0,0,1,0
"gene730",4,1,0,2,0,3,2,4,2,7,2,8,0,0,7,3,1,2,2,9,4,20,3,2,2,1,6,0,10,1
"gene731",287,212,163,297,222,164,189,111,301,216,260,142,123,235,283,298,121,142,172,204,155,211,269,149,222,106,190,143,238,137
"gene732",7,20,11,11,9,15,40,13,20,11,61,38,9,49,21,27,18,10,12,14,18,9,27,24,18,27,11,21,21,9
"gene733",47,33,31,15,18,13,40,29,15,21,34,26,16,24,20,12,50,31,26,13,33,55,33,24,20,18,33,17,37,7
"gene734",1,0,7,4,11,7,9,7,7,2,1,8,25,13,0,30,3,1,13,2,12,7,24,3,1,0,3,24,13,7
"gene735",30,8,27,57,31,29,25,26,29,12,26,6,31,28,13,12,6,22,22,16,5,11,26,13,7,12,31,11,6,27
"gene736",9,44,17,29,47,45,22,21,29,20,10,28,37,20,38,32,19,34,38,15,35,35,22,65,80,65,14,35,27,39
"gene737",72,141,119,203,81,151,71,55,42,129,96,70,88,77,123,91,104,68,40,127,99,103,97,73,124,113,106,120,166,103
"gene738",0,4,6,14,12,0,2,0,11,2,7,9,0,3,0,19,5,2,6,1,8,0,1,4,1,4,6,14,1,5
"gene739",26,22,31,53,57,9,42,64,69,34,49,14,38,45,57,76,76,74,56,49,14,66,56,63,51,53,53,41,43,27
"gene740",3,30,34,5,34,40,5,3,8,25,8,17,15,17,24,12,33,27,16,26,25,22,22,22,23,4,37,28,30,51
"gene741",5,5,9,15,7,15,8,16,30,22,3,2,4,6,16,5,0,8,2,27,21,6,4,3,9,14,17,0,6,16
"gene742",0,0,0,0,0,1,1,0,0,2,0,0,1,0,0,1,0,0,1,0,0,0,0,0,1,2,1,0,0,0
"gene743",14,5,2,6,3,2,6,13,8,17,7,9,12,14,14,6,4,6,1,0,9,10,12,10,14,11,9,8,14,12
"gene744",1,10,11,4,0,6,16,19,1,0,5,19,3,7,0,0,1,5,0,2,1,3,17,8,13,8,5,5,3,8
"gene745",6,7,3,3,18,6,8,16,14,8,13,22,11,8,3,11,12,5,14,17,2,8,6,10,9,10,7,12,8,1
"gene746",1,0,15,5,4,10,1,11,2,4,14,7,0,10,5,7,3,13,2,7,1,6,12,4,2,0,17,1,8,9
"gene747",32,22,50,42,22,69,41,11,50,35,16,30,13,39,12,8,23,43,27,13,8,15,27,16,20,38,12,13,15,15
"gene748",11,0,10,0,1,6,1,2,2,1,13,4,3,3,5,9,17,0,1,8,7,6,11,4,11,6,2,5,4,8
"gene749",21,41,7,18,15,18,24,25,12,17,19,9,23,17,17,36,18,3,47,31,8,9,13,13,19,38,74,22,12,24
"gene750",56,18,36,48,68,19,45,33,26,22,76,62,33,49,26,26,25,55,60,40,51,27,52,37,34,84,69,38,50,43
"gene751",0,0,0,9,9,1,5,1,0,3,3,7,2,3,7,3,7,3,4,1,8,4,9,0,7,0,3,3,0,7
"gene752",1,1,2,9,2,0,9,9,2,5,0,2,4,2,2,2,0,1,8,3,0,1,1,1,3,0,0,2,1,1
"gene753",0,6,15,7,30,4,0,3,5,1,14,4,0,2,4,3,3,4,1,1,0,3,9,0,1,0,1,11,4,3
"gene754",21,39,44,24,23,46,11,21,14,9,41,11,25,23,4,14,19,8,19,13,6,27,29,13,4,7,13,20,8,25
"gene755",63,107,80,18,68,85,85,107,137,101,72,65,58,102,78,26,55,57,67,95,50,82,124,37,30,89,68,68,54,88
"gene756",0,5,1,10,13,0,2,4,1,0,1,2,0,0,1,1,0,10,4,0,5,6,5,0,3,0,0,2,1,6
"gene757",0,0,1,0,0,0,4,0,0,1,0,0,0,3,0,3,0,0,0,0,0,0,1,0,0,0,0,0,0,0
"gene758",32,21,15,34,21,10,29,23,18,16,17,27,23,13,12,16,2,22,14,29,22,16,14,20,15,36,20,17,9,21
"gene759",21,11,13,8,6,12,56,10,11,9,19,19,11,22,11,10,42,45,4,15,8,7,2,5,11,13,24,12,5,5
"gene760",51,25,13,84,45,29,43,62,14,31,38,51,17,48,87,41,9,37,23,67,24,40,92,35,59,47,40,18,27,44
"gene761",0,4,0,0,0,0,0,0,0,4,0,1,0,1,2,2,2,1,0,0,6,2,0,0,0,0,3,7,0,0
"gene762",4,20,26,19,14,13,7,10,12,22,9,12,19,16,12,21,3,2,2,9,11,10,36,8,3,8,5,19,3,6
"gene763",8,7,12,13,2,4,4,4,10,6,6,3,2,5,10,30,0,11,7,5,2,5,7,3,0,9,5,7,1,11
"gene764",66,64,58,75,48,57,85,96,52,35,114,133,36,62,65,43,85,83,26,51,99,106,72,76,65,119,100,116,66,64
"gene765",3,5,8,14,4,2,3,2,8,11,8,6,12,12,4,4,8,8,15,12,11,14,26,4,4,4,6,12,20,3
"gene766",127,158,69,90,109,89,122,163,154,171,150,147,91,119,70,54,193,63,86,73,74,116,110,130,98,57,199,77,100,193
"gene767",2,0,0,0,0,0,1,3,0,4,4,1,0,0,1,6,0,0,5,1,13,0,0,4,6,1,3,4,8,0
"gene768",19,86,19,23,43,30,17,26,23,21,28,18,22,25,37,74,23,17,59,26,35,33,34,26,21,21,73,10,25,29
"gene769",0,0,0,4,6,1,0,0,1,0,0,0,4,1,1,1,3,5,0,3,4,7,3,0,0,0,13,5,7,4
"gene770",3,3,8,5,3,0,5,4,4,5,4,12,2,0,2,1,4,9,4,1,4,8,11,2,5,19,2,14,6,3
"gene771",26,33,37,48,30,32,45,29,65,21,15,31,78,21,34,26,13,75,19,24,28,60,34,36,65,30,12,15,23,49
"gene772",19,24,24,33,5,11,7,30,8,29,13,22,35,44,32,59,3,19,37,13,28,5,9,16,33,25,3,17,10,42
"gene773",2,6,0,5,4,1,0,5,0,1,0,0,1,3,1,5,0,1,4,1,3,10,3,0,0,2,0,0,0,0
"gene774",15,15,39,16,30,3,40,46,10,27,33,59,30,50,43,36,37,19,30,20,23,42,22,35,9,14,5,59,20,27
"gene775",16,39,17,16,1,16,9,5,13,10,7,16,23,4,5,6,11,8,13,27,7,23,14,14,14,8,24,11,16,10
"gene776",87,15,38,18,91,65,31,59,48,15,26,28,47,45,75,24,106,35,25,48,41,56,82,40,34,43,8,27,41,30
"gene777",37,33,46,46,51,53,71,34,78,58,27,102,115,68,19,10,104,52,60,52,77,48,32,22,73,68,79,24,41,49
"gene778",15,13,11,13,3,0,21,15,15,6,2,12,1,14,2,17,7,9,11,7,10,4,3,7,5,0,8,2,2,3
"gene779",0,0,0,2,0,2,0,0,0,4,0,2,1,1,0,0,0,0,1,0,1,0,0,0,0,1,12,0,0,1
"gene780",11,12,31,20,16,26,18,4,10,21,16,22,28,13,46,21,2,9,4,17,14,11,2,2,10,18,19,12,7,18
"gene781",16,22,8,18,4,21,24,4,17,10,17,23,16,4,3,7,1,21,38,13,11,21,9,11,10,13,27,13,10,23
"gene782",82,40,65,28,14,23,75,85,48,52,25,66,43,35,29,34,18,99,81,38,29,46,57,63,102,28,48,56,32,65
"gene783",1,3,0,2,0,0,1,6,0,0,0,5,4,2,2,0,1,2,0,1,4,5,0,6,2,0,3,5,0,0
"gene784",24,20,40,60,48,49,35,18,13,35,41,45,32,11,38,37,9,64,38,31,48,51,25,25,36,36,16,38,31,22
"gene785",209,327,272,443,248,207,206,225,288,271,529,505,415,338,271,331,213,167,258,361,185,420,176,520,264,580,264,156,498,414
"gene786",6,4,2,5,0,4,0,3,0,6,1,9,2,0,2,1,6,0,2,7,0,0,2,2,0,0,1,0,0,10
"gene787",2,3,3,2,6,5,19,0,10,10,5,3,14,4,10,10,14,7,7,5,3,7,18,3,9,17,0,6,1,11
"gene788",21,28,27,30,49,47,14,22,22,33,33,35,11,22,7,50,34,82,28,25,29,40,12,17,27,26,28,34,10,30
"gene789",1,2,26,0,3,3,0,2,1,2,1,1,1,1,13,5,1,1,0,2,0,7,9,2,3,11,0,0,2,12
"gene790",23,68,42,40,12,65,56,67,11,59,47,20,27,46,33,50,15,88,17,51,58,35,33,28,53,22,75,32,28,26
"gene791",0,0,3,0,0,0,0,0,0,0,0,2,1,0,0,0,0,0,0,0,0,0,0,11,0,1,0,0,2,0
"gene792",14,12,10,13,11,6,1,14,3,7,9,1,3,6,14,17,2,1,19,4,7,14,13,7,5,6,1,5,11,9
"gene793",2,2,0,1,4,2,4,5,15,8,5,2,16,4,5,8,4,3,8,3,1,19,6,11,2,0,6,2,0,0
"gene794",50,32,37,35,30,96,49,43,65,31,45,26,22,59,23,15,47,73,33,82,25,51,93,31,27,75,37,18,31,21
"gene795",0,0,3,0,0,0,3,0,0,3,0,0,6,0,0,0,0,2,2,0,0,1,6,0,2,0,0,0,0,0
"gene796",40,53,116,85,37,29,38,31,13,20,62,62,25,66,58,14,31,50,32,44,57,47,57,19,106,49,77,24,83,43
"gene797",19,27,64,24,61,52,42,45,43,37,49,3,11,32,18,14,28,31,27,11,42,29,14,54,33,27,22,48,32,17
"gene798",10,18,3,13,3,0,5,13,7,1,0,11,6,27,13,15,11,7,3,20,10,12,16,10,5,7,0,10,29,10
"gene799",0,12,8,0,7,4,0,0,2,1,1,0,0,0,6,17,0,2,2,1,1,1,0,0,1,0,7,6,1,2
"gene800",136,216,142,175,155,200,170,281,148,116,198,134,104,206,256,250,149,248,217,130,206,228,123,135,248,91,113,230,185,300
"gene801",30,36,10,33,12,13,36,31,50,1,5,12,17,26,9,11,40,10,9,14,30,25,12,3,21,17,28,7,13,17
"gene802",0,0,3,2,3,1,2,1,15,4,5,2,1,1,21,1,5,3,17,2,1,3,4,3,5,4,0,11,3,16
"gene803",126,52,142,59,152,49,41,131,80,59,126,158,113,117,41,71,54,58,73,103,111,51,124,67,76,39,120,121,153,22
"gene804",28,20,20,28,48,24,63,6,38,16,8,50,31,28,63,24,30,31,50,30,8,28,21,40,24,22,36,7,9,11
"gene805",1,0,0,10,7,4,1,4,7,3,8,2,0,4,0,1,14,7,8,2,1,0,2,1,3,2,0,3,4,5
"gene806",8,10,3,3,10,6,2,20,10,5,4,0,3,1,1,1,2,3,1,6,3,4,5,10,6,4,4,8,4,2
"gene807",4,11,0,11,10,16,7,9,8,7,1,13,1,22,8,11,10,9,20,5,16,4,10,12,2,5,37,2,6,4
"gene808",333,457,246,427,292,275,310,263,369,412,211,252,533,231,199,249,392,301,258,422,255,408,116,434,272,230,334,327,482,407
"gene809",61,49,30,50,28,56,23,11,45,32,42,40,93,49,43,52,76,63,44,39,38,40,60,55,38,29,7,13,38,35
"gene810",2,0,6,3,0,0,2,1,0,2,0,3,2,0,2,4,4,2,1,0,1,3,0,4,2,6,1,4,8,10
"gene811",93,111,109,234,74,98,265,83,105,121,164,78,144,97,75,99,131,176,118,70,138,101,143,124,72,105,165,109,94,134
"gene812",17,44,42,27,37,18,17,17,27,11,21,19,35,16,38,17,23,47,18,38,54,32,31,22,25,22,13,21,17,18
"gene813",14,19,13,6,23,5,8,29,16,6,14,9,22,19,0,25,16,10,5,21,26,23,11,26,11,4,7,31,11,15
"gene814",45,40,90,57,120,40,46,58,10,60,60,114,28,110,88,64,31,49,46,68,97,60,42,34,62,81,21,83,37,31
"gene815",40,106,25,29,92,36,40,37,29,89,34,42,76,59,66,41,63,53,58,50,46,22,33,58,61,37,28,43,69,35
"gene816",13,5,3,19,11,50,21,3,14,13,20,15,61,19,4,8,7,39,8,61,7,45,15,18,6,17,31,10,6,12
"gene817",291,264,220,250,222,150,162,148,209,119,215,249,132,148,219,315,287,190,159,139,188,206,146,194,123,285,181,166,146,367
"gene818",0,3,0,0,0,0,0,3,0,1,2,2,6,4,1,0,3,0,0,0,0,0,1,18,2,0,1,6,0,0
"gene819",2,9,8,3,7,9,11,11,8,1,22,2,27,12,9,7,55,23,2,23,13,3,9,12,6,7,19,12,4,14
"gene820",23,5,31,5,14,3,11,7,5,4,18,22,5,11,14,10,14,21,6,16,11,10,9,8,1,26,20,20,1,6
"gene821",3,3,0,0,0,1,6,3,10,1,1,5,0,3,2,0,9,1,0,3,10,8,2,2,0,4,0,1,3,0
"gene822",1,3,3,1,0,0,1,0,3,1,3,0,1,1,0,11,7,0,0,1,0,9,6,0,6,3,3,0,5,7
"gene823",22,14,15,24,11,30,25,15,30,36,8,19,22,35,35,20,12,9,24,36,39,29,50,41,13,28,30,3,37,21
"gene824",104,72,96,56,93,95,65,101,69,144,83,79,118,79,44,121,34,87,232,164,102,101,150,112,47,125,68,46,70,127
"gene825",1,9,10,0,8,5,10,2,5,8,12,6,5,6,2,2,1,9,5,2,1,7,6,8,6,0,16,2,17,2
"gene826",0,0,0,4,4,2,0,0,0,1,1,0,0,0,0,0,0,0,0,4,0,0,0,0,0,2,1,3,1,0
"gene827",5,1,10,21,15,12,5,1,2,15,8,4,2,0,16,8,7,10,1,1,11,7,1,10,2,1,5,5,3,1
"gene828",140,70,271,85,226,195,81,93,132,190,101,70,256,136,208,87,169,196,170,108,178,130,190,97,101,89,161,64,92,53
"gene829",3,7,4,9,11,9,1,6,3,6,1,7,3,6,4,10,5,7,1,11,4,6,14,1,9,2,9,5,1,2
"gene830",8,14,16,17,19,17,39,30,26,13,42,44,9,12,16,19,25,42,12,18,9,58,8,31,46,24,22,10,27,44
"gene831",198,295,255,281,164,166,224,399,297,130,250,301,201,363,293,142,366,279,151,211,280,348,200,380,116,170,366,315,225,273
"gene832",66,73,44,26,87,79,56,45,73,90,83,120,123,75,46,113,106,27,88,72,85,87,69,114,71,61,143,112,99,75
"gene833",10,4,1,1,7,4,2,3,1,17,0,2,0,9,0,2,2,14,0,12,2,15,0,3,4,0,0,11,0,1
"gene834",5,0,0,2,0,0,8,2,6,4,1,7,8,6,38,2,1,0,6,1,8,2,2,15,6,0,1,8,3,0
"gene835",217,107,96,118,118,69,59,52,147,79,119,126,87,74,55,139,81,84,102,76,100,71,80,90,67,107,95,68,68,90
"gene836",122,108,132,92,96,132,48,117,85,80,88,57,134,92,85,102,48,91,125,52,120,49,133,143,142,96,102,198,143,163
"gene837",1,0,1,1,0,4,0,6,0,0,1,0,0,0,0,0,5,1,0,0,0,0,0,0,0,0,0,1,6,4
"gene838",19,33,46,28,16,20,25,28,57,39,29,22,15,36,26,6,15,18,27,43,19,71,26,22,60,37,39,32,29,37
"gene839",27,26,12,11,5,18,31,31,14,13,5,20,3,29,6,5,11,21,10,11,17,7,9,4,14,6,13,3,9,14
"gene840",153,179,140,222,130,245,207,102,90,99,261,80,118,179,163,137,192,175,85,123,208,172,188,177,289,163,162,94,335,111
"gene841",5,8,29,19,17,8,8,7,8,17,13,4,21,10,18,15,18,0,9,1,16,18,33,11,5,2,7,14,9,3
"gene842",5,13,3,2,6,3,2,0,7,20,8,20,16,6,8,4,5,1,5,25,7,3,2,5,12,8,15,15,2,0
"gene843",2,1,15,14,0,2,0,4,1,2,1,0,1,7,2,3,1,2,4,0,0,0,1,6,1,4,1,1,0,11
"gene844",32,24,23,16,15,15,37,13,8,2,4,11,7,11,6,11,30,6,15,27,20,17,5,15,10,7,9,12,42,6
"gene845",0,2,1,0,5,2,0,3,4,3,0,1,4,6,0,0,0,0,5,10,0,4,3,4,2,0,2,8,2,2
"gene846",43,103,47,62,77,85,30,45,77,69,98,58,98,48,10,71,62,138,78,92,59,85,69,26,36,39,38,27,68,109
"gene847",16,17,15,11,20,3,55,3,15,6,8,26,10,5,22,19,32,11,15,14,18,7,31,6,26,27,7,19,5,11
"gene848",38,11,30,35,13,31,33,7,4,23,10,9,6,15,10,11,29,15,20,11,8,32,16,23,18,2,5,26,18,13
"gene849",0,0,0,0,0,0,1,0,0,1,4,1,0,0,7,10,0,4,0,2,0,0,1,0,5,0,9,0,2,1
"gene850",44,25,13,16,3,37,47,56,48,39,15,33,39,41,24,53,30,55,91,43,11,17,33,33,46,37,32,30,23,50
"gene851",19,3,33,13,19,13,15,15,18,14,3,30,13,21,10,16,8,13,6,1,13,8,4,2,8,5,6,11,2,3
"gene852",138,122,118,73,147,122,84,168,137,62,72,113,81,144,82,126,149,95,62,126,110,80,25,51,130,141,116,184,198,122
"gene853",20,36,22,33,29,23,49,32,32,51,30,49,49,23,18,29,52,10,39,12,30,79,18,18,10,33,43,27,54,50
"gene854",6,0,7,18,1,8,7,0,1,1,6,0,1,1,4,5,1,0,8,2,1,1,4,3,2,10,9,1,5,7
"gene855",11,4,6,17,0,10,5,5,20,3,7,3,8,3,12,2,2,2,0,3,2,8,5,0,1,1,5,12,6,2
"gene856",4,1,11,3,2,2,9,2,1,8,5,1,3,11,3,1,2,0,1,3,6,1,0,24,1,4,0,2,18,5
"gene857",15,25,30,15,12,12,19,23,8,7,24,31,14,8,15,34,5,42,16,7,10,28,14,40,71,23,22,9,22,42
"gene858",0,6,1,1,0,2,1,0,1,7,0,3,1,1,1,2,0,0,11,0,1,2,1,0,0,11,0,8,0,9
"gene859",0,4,7,6,16,3,7,3,2,5,4,4,2,2,2,5,1,9,0,0,4,6,2,4,1,1,5,2,0,4
"gene860",36,24,13,15,8,51,22,38,29,26,37,25,17,18,25,36,4,29,35,14,25,12,38,6,11,32,28,50,28,36
"gene861",1,15,7,8,37,2,9,20,10,23,16,25,9,33,3,3,11,4,8,16,16,11,9,7,4,16,22,7,1,3
"gene862",7,10,1,9,10,4,4,6,2,2,9,5,15,13,31,1,13,12,1,7,4,12,3,8,9,10,6,1,4,5
"gene863",51,5,7,15,14,60,14,24,13,17,23,7,11,33,11,5,17,28,11,60,56,6,28,17,14,23,30,9,40,24
"gene864",12,48,6,7,25,15,9,23,24,26,11,10,25,43,9,13,8,12,36,13,13,24,12,16,17,12,17,10,22,22
"gene865",13,12,17,9,21,20,10,12,15,24,3,24,15,9,47,16,29,32,7,5,16,8,10,22,24,14,28,27,29,9
"gene866",23,89,72,58,54,45,50,79,39,52,19,38,54,56,58,59,42,59,43,13,48,32,56,34,72,78,73,53,29,32
"gene867",5,2,14,6,4,6,15,3,6,3,6,4,8,17,7,7,0,5,17,0,4,3,9,4,1,16,9,5,3,5
"gene868",13,68,9,40,15,9,10,34,30,2,11,18,13,15,53,13,29,29,13,15,13,29,6,11,20,11,12,48,18,33
"gene869",0,1,2,0,3,0,16,0,0,4,2,0,1,0,14,2,1,9,4,4,0,1,0,4,1,5,0,7,0,0
"gene870",189,213,199,184,336,351,154,331,163,388,240,258,280,184,190,188,169,188,179,301,148,292,176,257,216,375,290,245,196,159
"gene871",29,79,44,51,21,81,12,39,33,75,14,39,38,29,20,26,31,30,40,38,37,46,7,31,34,54,33,15,64,18
"gene872",2,4,3,4,5,0,12,11,5,9,3,1,6,6,4,4,10,5,3,5,12,0,5,7,25,0,3,2,1,0
"gene873",10,7,8,6,5,6,4,6,5,5,6,12,16,4,0,5,6,10,0,2,4,11,26,4,7,21,9,7,1,7
"gene874",17,26,37,21,23,38,20,55,8,13,21,31,23,14,34,18,29,30,61,19,22,70,51,27,5,19,38,15,44,7
"gene875",1,1,0,0,1,0,0,7,3,0,0,5,7,0,0,1,0,0,7,3,0,0,3,0,1,0,0,0,0,0
"gene876",13,8,4,4,7,17,6,6,22,9,2,8,6,10,10,15,12,13,15,9,8,10,17,29,7,4,9,12,6,4
"gene877",44,39,44,52,30,18,20,14,45,19,30,39,12,48,48,10,43,44,38,55,31,23,23,35,53,23,19,54,18,17
"gene878",48,26,21,25,13,19,17,1,11,44,23,30,14,24,33,14,23,11,35,7,12,27,34,25,14,2,38,23,27,4
"gene879",1,2,1,3,3,4,3,13,0,3,0,0,5,1,5,0,0,5,0,1,5,1,2,3,0,1,1,0,0,4
"gene880",4,1,4,3,0,0,3,7,8,4,7,7,4,0,14,1,0,5,0,0,2,0,1,3,0,0,0,2,11,8
"gene881",2,4,8,19,17,9,2,1,5,8,6,34,14,7,5,37,0,3,12,21,2,15,34,11,28,28,20,10,12,27
"gene882",18,12,55,30,22,23,26,6,10,21,27,12,54,17,29,31,27,70,9,26,31,22,23,33,10,19,11,19,3,7
"gene883",15,21,1,5,0,4,2,2,27,4,2,5,21,3,6,1,0,4,9,5,5,15,11,4,1,1,9,7,3,5
"gene884",5,5,9,4,2,4,2,17,0,2,19,6,9,2,5,7,5,3,2,6,3,7,3,8,1,14,10,4,11,1
"gene885",75,80,74,69,78,63,103,80,46,61,48,105,70,60,78,61,49,61,48,71,51,33,64,41,51,32,81,28,77,79
"gene886",0,0,1,1,1,8,2,3,4,0,14,2,1,1,0,4,4,1,9,8,4,7,0,1,4,15,2,12,1,4
"gene887",10,11,9,4,1,15,4,12,25,7,16,5,13,6,7,16,18,38,7,15,25,12,5,15,24,6,4,9,24,18
"gene888",24,20,21,22,29,19,35,17,47,25,105,14,22,35,33,50,47,14,64,21,29,42,50,15,20,42,28,23,15,2
"gene889",14,9,24,15,29,20,14,35,8,4,11,10,28,2,29,17,10,15,20,7,10,27,32,11,23,15,4,30,12,21
"gene890",199,113,160,234,124,215,173,141,163,127,103,132,232,230,180,117,149,62,206,186,247,276,75,216,222,173,135,199,110,165
"gene891",414,228,136,234,143,221,245,411,188,283,122,98,170,264,261,281,403,370,153,323,206,352,234,303,232,172,325,277,352,192
"gene892",2,0,14,2,0,5,11,0,24,0,1,1,4,4,4,23,12,1,5,3,2,5,1,1,2,7,6,1,4,1
"gene893",10,4,5,6,9,0,1,0,1,6,5,18,0,7,1,8,1,8,0,12,1,4,1,7,8,2,14,15,5,0
"gene894",5,1,11,6,2,9,5,5,0,2,34,9,9,4,16,22,0,6,9,19,2,16,10,1,5,11,1,1,7,17
"gene895",1,1,2,1,0,5,6,0,2,2,3,5,0,0,7,0,2,1,0,0,1,1,0,3,0,0,3,4,0,2
"gene896",58,87,206,68,91,78,77,125,110,148,111,29,40,60,74,118,194,75,55,124,58,103,135,124,56,121,56,56,161,47
"gene897",6,5,12,4,6,8,8,18,11,8,8,1,14,31,7,12,23,9,28,1,5,12,17,16,4,14,23,5,8,7
"gene898",30,69,25,45,64,103,30,86,62,53,66,15,33,73,61,112,45,64,29,76,66,43,32,72,43,47,32,57,35,24
"gene899",53,97,54,123,85,106,126,114,43,66,104,65,87,52,40,150,76,82,85,67,81,51,94,171,84,44,123,100,52,40
"gene900",1,10,1,2,10,22,0,2,28,3,12,11,5,1,9,7,20,0,0,12,6,5,7,3,8,18,0,3,3,9
"gene901",3,0,13,1,0,11,16,3,0,8,3,1,6,12,4,8,19,0,0,3,1,1,0,16,3,3,6,3,6,4
"gene902",8,0,4,3,1,12,8,4,2,2,8,3,11,4,0,7,4,4,10,0,1,7,7,13,4,3,0,1,8,0
"gene903",0,0,2,0,0,0,0,1,0,0,0,0,0,0,0,3,0,0,0,0,0,2,0,1,0,0,0,0,0,0
"gene904",33,16,16,48,74,15,30,45,19,57,31,31,34,29,42,24,20,48,40,26,27,21,17,13,23,35,20,54,23,53
"gene905",13,2,0,3,0,2,4,3,1,6,0,0,1,0,3,1,6,1,2,2,1,6,0,0,4,1,0,7,16,12
"gene906",72,37,82,60,51,44,31,36,67,81,25,69,63,34,32,22,31,30,33,36,84,36,24,50,58,44,46,17,53,58
"gene907",9,13,28,17,7,12,6,2,5,3,11,9,15,21,1,11,0,5,7,8,20,9,2,5,5,12,9,15,1,1
"gene908",5,13,15,39,19,8,29,11,9,13,11,28,10,8,10,16,38,18,32,47,14,32,9,33,13,20,12,12,17,20
"gene909",15,9,12,39,7,6,13,6,8,23,10,17,17,26,13,7,25,1,5,44,5,23,44,13,16,24,70,15,6,10
"gene910",0,14,13,12,2,3,11,9,23,33,12,9,14,31,8,17,10,4,12,2,11,6,1,25,11,28,9,22,5,7
"gene911",94,95,44,56,89,19,65,54,43,41,35,66,60,26,40,31,39,26,48,34,46,4,30,35,56,48,60,40,36,40
"gene912",34,7,14,6,6,6,2,4,5,2,1,5,13,8,10,2,8,6,10,1,3,0,29,6,20,15,16,2,16,10
"gene913",38,26,22,20,45,19,36,38,24,16,10,29,40,15,19,31,18,17,21,12,23,11,50,46,25,24,21,23,21,23
"gene914",6,23,29,22,20,13,25,20,34,26,10,12,40,37,30,17,20,10,21,19,9,46,24,67,16,12,17,78,24,21
"gene915",21,12,8,19,16,42,55,31,28,29,17,22,20,17,14,4,33,12,3,11,29,41,25,38,34,42,16,19,18,30
"gene916",89,107,57,137,121,151,200,108,134,103,60,127,196,68,143,145,171,73,98,182,71,73,91,143,67,130,70,82,137,94
"gene917",43,37,34,35,31,21,26,30,26,34,60,18,42,26,48,33,34,44,20,25,50,21,75,34,26,39,9,20,36,52
"gene918",29,26,20,41,11,46,20,28,22,16,47,23,26,30,33,46,16,28,42,17,30,20,10,26,62,24,61,43,34,31
"gene919",5,0,0,0,0,25,0,0,2,14,8,0,4,1,3,0,6,5,0,11,0,0,2,1,2,4,0,6,0,0
"gene920",1,17,12,13,13,10,15,8,44,10,13,15,19,16,10,9,31,35,20,22,10,7,11,2,5,20,12,14,17,10
"gene921",0,0,2,0,1,1,0,1,0,0,0,0,1,0,2,0,0,5,0,1,1,0,0,0,2,1,0,1,1,0
"gene922",13,12,13,15,22,15,10,36,16,38,21,23,21,8,21,36,8,13,29,31,22,44,34,9,37,10,40,20,18,28
"gene923",0,0,6,0,0,1,21,1,2,1,1,1,2,0,0,1,3,2,1,3,3,0,7,0,2,1,1,1,6,0
"gene924",4,2,1,8,14,8,1,8,3,21,1,1,6,7,1,10,0,1,9,6,2,1,1,23,4,0,4,9,4,1
"gene925",7,5,0,5,0,1,0,4,1,18,15,2,0,12,2,0,0,2,4,7,0,0,1,1,3,6,3,4,3,0
"gene926",0,3,3,10,0,16,3,1,2,27,0,3,17,1,3,1,1,2,8,5,1,6,2,3,3,0,6,1,1,1
"gene927",0,1,1,1,1,4,8,2,1,3,4,1,13,2,3,9,4,16,0,4,0,8,3,4,5,12,1,0,2,0
"gene928",21,23,10,11,18,37,21,8,2,37,5,3,45,14,24,18,16,16,10,14,15,18,16,10,6,17,17,2,11,12
"gene929",37,28,46,57,54,57,65,61,107,92,61,37,44,29,32,40,39,34,57,7,64,58,34,65,36,19,116,29,46,42
"gene930",33,55,11,22,9,42,13,23,28,39,46,20,63,57,29,25,19,24,23,21,43,34,62,18,43,24,11,50,38,63
"gene931",5,5,25,7,10,19,4,9,6,11,0,1,7,8,2,5,5,4,3,3,19,5,3,1,4,13,0,5,2,12
"gene932",7,8,8,2,0,3,8,2,4,3,0,7,5,3,4,9,4,1,5,3,6,6,0,21,11,3,2,12,5,12
"gene933",9,6,3,0,2,1,1,3,5,6,0,8,0,5,0,7,5,2,4,7,7,8,0,8,2,13,0,5,0,0
"gene934",21,39,46,0,35,5,22,32,21,19,6,22,10,24,8,18,23,21,16,13,39,10,27,17,27,35,27,12,19,29
"gene935",27,18,13,15,10,28,4,6,9,5,16,8,13,6,15,18,37,14,6,20,11,12,9,28,12,15,2,9,11,13
"gene936",129,333,111,162,91,183,171,162,247,113,84,151,80,134,105,125,109,80,107,130,134,241,173,186,128,135,89,151,120,99
"gene937",56,60,65,59,79,37,96,43,83,162,89,64,59,101,71,19,134,117,95,147,44,54,37,66,43,44,115,85,46,31
"gene938",48,47,96,30,68,59,13,92,80,45,72,47,116,50,65,49,62,81,29,48,43,64,45,62,88,31,45,64,62,60
"gene939",0,1,1,0,3,9,0,0,0,0,0,1,0,0,0,1,0,3,0,0,0,1,0,0,0,0,0,1,0,0
"gene940",2,32,27,7,25,22,36,1,13,17,9,47,8,7,10,15,13,11,17,17,16,16,37,11,10,10,21,14,14,15
"gene941",27,35,11,15,12,30,4,16,31,22,42,46,24,44,56,27,28,31,17,23,11,15,27,42,25,20,41,14,50,1
"gene942",15,14,3,2,1,2,3,3,2,7,12,4,2,7,1,0,18,15,0,0,7,18,6,7,6,3,15,15,2,4
"gene943",9,5,6,5,2,14,1,4,4,0,0,1,1,21,0,1,4,2,0,0,0,1,1,2,0,1,1,4,7,2
"gene944",0,1,0,7,2,2,0,0,0,0,0,2,0,0,0,0,0,0,8,0,0,6,1,8,0,0,10,1,0,0
"gene945",4,14,15,7,12,12,4,17,13,32,0,14,9,27,14,3,14,16,8,20,17,33,7,3,22,13,9,12,23,3
"gene946",26,1,0,0,1,7,0,3,14,4,0,0,3,0,0,0,7,1,0,8,0,7,1,4,5,5,4,6,1,1
"gene947",332,240,225,350,361,631,353,340,183,466,391,198,357,267,291,358,421,255,424,357,390,258,304,289,459,268,453,415,329,293
"gene948",36,41,18,24,30,27,13,16,6,31,28,23,31,13,57,19,24,26,34,23,17,15,12,14,6,25,17,5,12,15
"gene949",0,18,0,0,0,7,3,1,4,2,2,0,19,0,0,1,0,4,1,1,0,1,14,1,0,0,5,0,8,3
"gene950",3,16,5,2,5,2,0,7,12,0,23,4,20,7,10,2,8,0,6,7,5,0,1,0,9,3,5,5,4,13
"gene951",11,16,8,4,5,16,0,10,22,6,19,10,11,5,1,8,6,12,17,8,13,20,5,0,1,9,5,1,14,2
"gene952",1,0,0,6,6,3,2,0,4,2,0,13,0,0,0,4,0,12,1,1,6,0,1,0,0,0,0,2,13,1
"gene953",2,4,7,9,0,8,6,4,8,3,1,1,4,42,17,7,13,0,13,4,12,2,4,6,4,1,0,6,2,0
"gene954",8,6,0,1,21,5,5,8,11,2,3,7,14,12,5,7,21,4,7,14,10,5,6,6,21,8,9,3,1,7
"gene955",3,7,10,1,5,6,12,15,20,1,12,12,4,10,5,0,2,9,9,13,21,18,3,0,10,12,11,8,20,15
"gene956",34,19,10,6,16,24,23,12,43,24,28,34,4,28,22,45,11,13,20,39,17,25,10,21,3,16,23,22,18,15
"gene957",17,68,81,114,53,45,42,56,92,113,74,68,40,34,58,54,69,52,67,35,60,72,35,10,42,55,118,35,41,21
"gene958",27,14,7,28,42,21,32,32,10,10,36,26,14,37,23,13,50,32,7,18,5,51,35,15,16,16,29,32,14,25
"gene959",3,3,10,3,16,5,35,1,2,1,0,19,13,4,3,8,1,9,1,6,1,0,1,1,3,15,30,2,1,2
"gene960",0,0,0,1,0,0,0,0,2,0,3,0,0,0,0,0,0,2,0,1,1,0,0,0,0,2,0,0,0,6
"gene961",292,207,328,166,280,158,285,290,207,117,124,268,155,210,242,379,267,277,208,273,291,137,158,305,176,147,229,190,384,208
"gene962",1,8,9,0,7,0,0,12,4,11,4,3,6,22,1,5,14,6,5,4,1,3,18,2,21,8,3,1,1,14
"gene963",3,2,7,9,6,14,3,11,32,11,7,4,22,4,5,10,4,25,2,15,2,9,0,1,7,2,13,12,8,13
"gene964",4,0,0,4,0,8,1,0,5,0,0,0,4,0,0,3,1,0,1,0,0,3,0,0,0,0,14,1,1,0
"gene965",1,0,4,9,13,8,4,12,2,7,1,2,3,1,3,1,1,0,1,2,13,0,2,10,7,1,4,3,2,3
"gene966",22,34,26,50,9,42,36,17,22,24,26,21,11,15,30,34,14,43,9,25,14,11,26,41,35,32,28,21,26,26
"gene967",5,21,1,3,0,10,6,8,13,5,1,12,2,2,0,6,5,7,2,5,2,13,5,0,17,4,8,1,4,0
"gene968",60,217,100,96,129,131,92,70,245,130,185,93,93,130,121,67,78,267,124,189,97,69,94,71,69,130,124,113,116,128
"gene969",36,76,83,57,40,103,26,49,96,22,68,43,64,20,28,51,52,49,29,33,40,44,34,23,55,27,33,15,37,37
"gene970",26,29,34,18,92,78,84,41,41,65,31,26,11,32,49,46,76,41,11,19,56,48,42,34,54,20,45,59,30,46
"gene971",5,1,5,1,1,7,1,4,15,0,5,1,0,15,6,0,1,1,6,0,1,0,2,4,0,5,3,5,1,4
"gene972",2,1,13,4,5,1,12,9,13,8,2,8,3,1,5,2,4,2,3,5,6,7,7,2,5,9,1,23,10,0
"gene973",5,5,17,25,11,3,5,4,4,1,19,12,20,23,1,5,2,4,10,2,2,3,12,8,21,7,13,1,16,10
"gene974",8,0,1,0,9,28,11,4,7,11,1,2,7,15,7,5,0,8,17,8,8,11,4,7,13,15,1,3,0,10
"gene975",48,84,25,37,64,36,50,72,64,40,48,54,38,71,39,43,44,35,40,47,45,66,44,51,52,29,60,46,30,31
"gene976",54,22,51,26,33,53,41,53,43,98,62,101,25,46,69,84,36,22,25,49,52,52,31,50,63,54,23,75,78,40
"gene977",45,82,36,44,47,61,91,54,43,75,69,77,65,60,41,28,55,69,106,97,26,55,43,45,37,70,82,23,23,113
"gene978",46,77,94,24,48,41,58,35,94,100,84,58,30,47,46,78,37,46,54,77,38,38,91,23,53,33,88,20,21,70
"gene979",1,2,0,0,0,0,0,1,0,0,0,4,1,0,0,6,4,2,0,0,1,0,0,1,0,0,0,0,3,0
"gene980",2,4,3,0,2,5,2,9,4,6,1,1,2,0,2,5,0,2,1,0,18,2,1,15,6,1,0,19,0,9
"gene981",32,60,36,70,71,66,38,39,51,44,69,52,74,63,55,61,47,55,53,59,32,41,62,57,65,43,50,22,71,72
"gene982",101,82,105,72,65,75,60,47,38,78,97,53,39,83,76,99,48,99,68,41,63,84,113,44,71,112,143,86,97,82
"gene983",7,1,1,0,10,4,2,13,3,6,2,15,4,6,2,4,2,9,0,3,1,4,1,2,1,0,5,3,2,1
"gene984",5,0,8,2,9,14,2,3,14,6,10,3,3,7,10,8,13,0,8,4,10,5,7,3,13,0,11,4,1,20
"gene985",5,3,8,14,7,13,5,1,3,0,3,12,10,11,14,21,5,4,0,7,5,1,0,7,11,3,0,3,18,1
"gene986",105,253,179,101,41,145,98,122,125,73,270,177,157,167,100,230,107,87,244,124,212,156,221,228,80,87,209,141,156,94
"gene987",29,50,28,60,20,64,40,14,40,49,7,56,9,32,25,28,49,53,55,65,69,37,41,36,27,42,66,44,30,8
"gene988",55,77,58,51,75,147,65,73,108,51,50,42,70,57,123,55,56,40,64,49,95,72,14,69,41,83,47,68,17,53
"gene989",23,11,24,22,7,31,18,6,17,3,16,7,6,8,9,11,10,8,7,11,13,20,16,18,12,12,39,5,26,33
"gene990",14,27,0,4,1,20,0,0,3,0,7,6,8,1,1,1,0,1,7,8,5,4,10,4,14,15,8,3,0,0
"gene991",115,221,74,195,211,122,88,192,179,83,168,129,207,76,117,95,194,239,128,87,129,125,227,165,349,75,208,233,223,101
"gene992",122,121,63,66,115,43,33,69,69,33,42,67,36,73,126,87,40,77,79,68,69,65,77,81,90,52,96,128,32,126
"gene993",8,13,5,33,5,8,6,7,10,9,27,4,19,3,2,21,9,26,11,6,19,12,8,17,14,29,2,3,6,2
"gene994",0,0,5,0,0,0,0,2,0,0,0,0,0,0,4,1,1,0,0,0,0,0,0,0,1,0,1,3,1,2
"gene995",104,73,118,79,122,117,53,43,101,149,85,88,69,66,139,134,100,97,107,81,76,115,96,42,53,22,147,108,78,99
"gene996",12,9,36,15,25,8,14,27,9,32,22,20,17,10,10,17,26,20,12,21,5,21,13,34,37,18,9,31,29,40
"gene997",45,34,31,16,31,57,27,65,38,31,39,52,23,49,52,74,50,62,26,63,21,39,13,38,32,40,29,43,39,19
"gene998",74,171,53,126,89,119,63,78,146,77,69,80,92,118,45,90,73,168,114,123,157,118,128,85,167,97,94,132,28,172
"gene999",1,1,1,9,4,0,6,3,6,8,2,0,9,2,3,3,3,4,0,3,13,9,0,3,0,0,10,7,0,4
"gene1000",1,2,6,10,5,2,8,19,5,3,3,5,4,4,13,9,13,2,0,1,17,1,23,9,16,7,1,3,12,11
